fill,run,LS,avgpu
6738,317087,43,51.2
6738,317087,44,5.0
6738,317087,45,13.3
6738,317087,46,43.5
6738,317087,47,51.0
6738,317087,48,34.7
6738,317087,49,12.9
6738,317087,50,4.7
6738,317087,51,2.8
6738,317087,52,8.5
6738,317087,53,39.1
6738,317087,54,50.7
6738,317087,55,25.8
6738,317087,56,11.1
6738,317087,57,49.3
6738,317087,58,50.6
6738,317087,59,50.6
6738,317087,60,50.5
6738,317087,61,50.4
6738,317087,62,50.1
6738,317087,63,50.5
6738,317087,64,50.3
6738,317087,65,50.4
6738,317087,66,50.2
6738,317087,67,50.2
6738,317087,68,50.1
6738,317087,69,50.1
6738,317087,70,50.0
6738,317087,71,50.0
6738,317087,72,49.8
6738,317087,73,49.8
6738,317087,74,49.7
6738,317087,75,49.7
6738,317087,76,49.6
6738,317087,77,49.5
6738,317087,78,49.5
6738,317087,79,49.3
6738,317087,80,49.4
6738,317087,81,49.3
6738,317087,82,49.2
6738,317087,83,49.2
6738,317087,84,49.4
6738,317087,85,49.2
6738,317087,86,49.2
6738,317087,87,49.1
6738,317087,88,48.8
6738,317087,89,49.3
6738,317087,90,49.2
6738,317087,91,48.8
6738,317087,92,48.6
6738,317087,93,48.3
6738,317087,94,48.4
6738,317087,95,48.3
6738,317087,96,48.4
6738,317087,97,47.9
6738,317087,98,48.2
6738,317087,99,47.9
6738,317087,100,48.1
6738,317087,101,47.9
6738,317087,102,47.6
6738,317087,103,47.8
6738,317087,104,47.9
6738,317087,105,45.3
6738,317087,106,46.5
6738,317087,107,44.7
6738,317087,108,48.0
6738,317087,109,36.1
6738,317087,110,47.7
6738,317087,111,48.9
6738,317087,112,48.8
6738,317087,113,48.9
6738,317087,114,48.7
6738,317087,115,48.7
6738,317087,116,48.7
6738,317087,117,48.6
6738,317087,118,48.4
6738,317087,119,48.5
6738,317087,120,48.5
6738,317087,121,48.4
6738,317087,122,48.4
6738,317087,123,48.4
6738,317087,124,48.5
6738,317087,125,48.2
6738,317087,126,48.2
6738,317087,127,48.2
6738,317087,128,48.1
6738,317087,129,48.1
6738,317087,130,48.0
6738,317087,131,48.0
6738,317087,132,47.9
6738,317087,133,47.9
6738,317087,134,47.8
6738,317087,135,47.8
6738,317087,136,47.8
6738,317087,137,47.7
6738,317087,138,48.6
6738,317087,139,48.0
6738,317087,140,48.2
6738,317087,141,48.2
6738,317087,142,48.2
6738,317087,143,48.3
6738,317087,144,48.1
6738,317087,145,48.1
6738,317087,146,48.1
6738,317087,147,48.0
6738,317087,148,48.0
6738,317087,149,47.6
6738,317087,150,47.9
6738,317087,151,47.9
6738,317087,152,47.9
6738,317087,153,47.9
6738,317087,154,47.7
6738,317087,155,47.9
6738,317087,156,47.8
6738,317087,157,47.8
6738,317087,158,47.8
6738,317087,159,47.7
6738,317087,160,47.8
6738,317087,161,47.6
6738,317087,162,47.7
6738,317087,163,47.6
6738,317087,164,47.6
6738,317087,165,47.3
6738,317087,166,47.6
6738,317087,167,47.7
6738,317087,168,47.4
6738,317087,169,47.4
6738,317087,170,47.4
6738,317087,171,47.2
6738,317087,172,47.3
6738,317087,173,47.2
6738,317087,174,47.1
6738,317087,175,47.2
6738,317087,176,47.1
6738,317087,177,47.0
6738,317087,213,45.9
6738,317087,214,45.9
6738,317087,215,45.8
6738,317087,216,45.7
6738,317087,217,45.7
6738,317087,218,45.6
6738,317087,219,45.6
6738,317087,220,45.6
6738,317087,221,45.7
6738,317087,222,45.7
6738,317087,257,44.8
6738,317087,258,44.8
6738,317087,259,44.9
6738,317087,260,44.7
6738,317087,261,44.8
6738,317087,262,44.7
6738,317087,263,44.6
6738,317087,264,44.5
6738,317087,265,44.5
6738,317087,266,44.5
6738,317087,267,44.5
6738,317087,268,44.4
6738,317087,269,44.3
6738,317087,270,44.4
6738,317087,271,44.3
6738,317087,272,44.3
6738,317087,273,44.2
6738,317087,274,44.2
6738,317087,275,44.1
6738,317087,276,44.1
6738,317087,277,44.1
6738,317087,278,44.3
6738,317087,279,44.1
6738,317087,280,44.2
6738,317087,281,44.1
6738,317087,282,44.1
6738,317087,283,44.1
6738,317087,284,44.1
6738,317087,285,3.8
6738,317087,286,10.5
6738,317087,287,27.4
6738,317087,288,43.9
6738,317087,289,38.9
6738,317087,290,11.8
6738,317087,291,3.9
6738,317087,292,2.3
6738,317087,293,6.7
6738,317087,294,32.7
6738,317087,295,43.6
6738,317087,296,26.0
6738,317087,297,11.9
6738,317087,298,34.9
6738,317087,299,43.7
6738,317087,300,43.6
6738,317087,301,43.6
6738,317087,302,43.5
6738,317087,303,43.5
6738,317087,304,43.4
6738,317087,305,43.4
6738,317087,306,43.4
6738,317087,307,43.4
6738,317087,308,43.3
6738,317087,309,43.2
6738,317087,310,43.2
6738,317087,311,40.6
6738,317087,312,41.5
6738,317087,313,35.0
6738,317087,314,41.9
6738,317087,315,32.5
6738,317087,316,43.7
6738,317087,317,43.7
6738,317087,318,43.7
6738,317087,319,43.6
6738,317087,320,43.6
6738,317087,321,43.6
6738,317087,322,43.5
6738,317087,323,43.5
6738,317087,324,43.5
6738,317087,325,43.4
6738,317087,326,43.4
6738,317087,327,43.3
6738,317087,328,43.3
6738,317087,329,43.3
6738,317087,330,43.3
6738,317087,331,43.4
6738,317087,332,43.4
6738,317087,333,43.3
6738,317087,334,43.3
6738,317087,335,43.3
6738,317087,336,43.2
6738,317087,337,43.2
6738,317087,338,43.2
6738,317087,339,43.2
6738,317087,340,43.2
6738,317087,341,43.1
6738,317087,342,43.1
6738,317087,343,43.1
6738,317087,344,43.1
6738,317087,345,43.1
6738,317087,346,43.0
6738,317087,347,43.0
6738,317087,348,42.9
6738,317087,349,42.9
6738,317087,350,42.9
6738,317087,351,42.9
6738,317087,352,42.8
6738,317087,353,42.8
6738,317087,354,42.8
6738,317087,355,42.8
6738,317087,356,42.7
6738,317087,357,42.7
6738,317087,358,42.6
6738,317087,359,42.7
6738,317087,360,42.6
6738,317087,361,42.6
6738,317087,362,42.5
6738,317087,363,42.5
6738,317087,364,42.5
6738,317087,365,42.5
6738,317087,366,42.4
6738,317087,367,42.4
6738,317087,368,42.4
6738,317087,369,42.4
6738,317087,370,42.3
6738,317087,371,42.3
6738,317087,372,42.3
6738,317087,373,42.2
6738,317087,374,42.2
6738,317087,375,42.2
6738,317087,376,42.1
6738,317087,377,42.3
6738,317087,378,42.2
6738,317087,379,42.2
6738,317087,380,42.2
6738,317087,381,42.1
6738,317087,382,42.0
6738,317087,383,42.1
6738,317087,384,42.1
6738,317087,385,42.0
6738,317087,386,42.0
6738,317087,387,41.9
6738,317087,388,41.9
6738,317087,389,41.9
6738,317087,390,41.9
6738,317087,391,41.8
6738,317087,392,41.8
6738,317087,393,41.8
6738,317087,394,41.7
6738,317087,395,41.7
6738,317087,396,41.7
6738,317087,397,41.7
6738,317087,398,41.6
6738,317087,399,41.6
6738,317087,400,41.6
6738,317087,401,41.6
6738,317087,402,41.4
6738,317087,403,41.5
6738,317087,404,41.5
6738,317087,405,41.4
6738,317087,406,41.4
6738,317087,407,41.4
6738,317087,408,41.4
6738,317087,409,41.3
6738,317087,410,41.3
6738,317087,411,41.4
6738,317087,412,41.2
6738,317087,413,41.2
6738,317087,414,41.2
6738,317087,415,41.1
6738,317087,416,41.1
6738,317087,417,41.1
6738,317087,418,41.1
6738,317087,419,41.1
6738,317087,420,41.0
6738,317087,421,41.0
6738,317087,422,41.0
6738,317087,423,41.0
6738,317087,424,41.0
6738,317087,425,40.9
6738,317087,426,41.0
6738,317087,427,41.0
6738,317087,428,40.9
6738,317087,429,41.0
6738,317087,430,40.9
6738,317087,431,40.9
6738,317087,432,40.8
6738,317087,433,40.8
6738,317087,434,40.8
6738,317087,435,40.7
6738,317087,436,40.7
6738,317087,437,40.7
6738,317087,438,40.7
6738,317087,439,40.6
6738,317087,440,40.6
6738,317087,441,40.6
6738,317087,442,40.6
6738,317087,443,40.5
6738,317087,444,40.5
6738,317087,445,40.5
6738,317087,446,40.4
6738,317087,447,40.4
6738,317087,448,40.4
6738,317087,449,40.3
6738,317087,450,40.3
6738,317087,451,40.3
6738,317087,452,40.0
6738,317087,453,40.4
6738,317087,454,40.3
6738,317087,455,40.2
6738,317087,456,40.2
6738,317087,457,40.2
6738,317087,458,40.1
6738,317087,459,40.1
6738,317087,460,40.1
6738,317087,461,40.0
6738,317087,462,40.0
6738,317087,463,40.0
6738,317087,464,40.0
6738,317087,465,40.0
6738,317087,466,40.0
6738,317087,467,40.0
6738,317087,468,39.9
6738,317087,469,39.9
6738,317087,470,39.9
6738,317087,471,39.9
6738,317087,472,39.7
6738,317087,473,39.9
6738,317087,474,40.0
6738,317087,475,40.0
6738,317087,476,39.9
6738,317087,477,39.9
6738,317087,478,39.9
6738,317087,479,39.8
6738,317087,480,39.8
6738,317087,481,39.8
6738,317087,482,39.7
6738,317087,483,39.7
6738,317087,484,39.7
6738,317087,485,39.6
6738,317087,486,39.6
6738,317087,487,39.6
6738,317087,488,39.6
6738,317087,489,39.5
6738,317087,490,39.5
6738,317087,491,39.5
6738,317087,492,39.4
6738,317087,493,39.4
6738,317087,494,39.4
6738,317087,495,39.4
6738,317087,496,39.4
6738,317087,497,39.4
6738,317087,498,39.3
6738,317087,499,39.3
6738,317087,500,39.2
6738,317087,501,39.3
6738,317087,502,39.3
6738,317087,503,39.2
6738,317087,504,39.2
6738,317087,505,39.2
6738,317087,506,39.1
6738,317087,507,39.1
6738,317087,508,39.1
6738,317087,509,39.0
6738,317087,510,39.0
6738,317087,511,39.0
6738,317087,512,39.0
6738,317087,513,38.9
6738,317087,514,38.9
6738,317087,515,38.9
6738,317087,516,38.7
6738,317087,517,38.9
6738,317087,518,38.8
6738,317087,519,38.8
6738,317087,520,38.8
6738,317087,521,38.9
6738,317087,522,38.9
6738,317087,523,38.9
6738,317087,524,38.8
6738,317087,525,38.8
6738,317087,526,38.8
6738,317087,527,38.8
6738,317087,528,38.8
6738,317087,529,38.7
6738,317087,530,38.7
6738,317087,531,38.7
6738,317087,532,38.7
6738,317087,533,38.7
6738,317087,534,38.6
6738,317087,535,38.6
6738,317087,536,38.6
6738,317087,537,38.6
6738,317087,538,38.5
6738,317087,539,38.5
6738,317087,540,38.5
6738,317087,541,38.5
6738,317087,542,38.4
6738,317087,543,38.4
6738,317087,544,38.4
6738,317087,545,38.4
6738,317087,546,38.4
6738,317087,547,38.4
6738,317087,548,38.3
6738,317087,549,38.3
6738,317087,550,38.2
6738,317087,551,38.2
6738,317087,552,38.2
6738,317087,553,38.0
6738,317087,554,38.2
6738,317087,555,38.2
6738,317087,556,38.1
6738,317087,557,38.0
6738,317087,558,38.1
6738,317087,559,38.0
6738,317087,560,38.0
6738,317087,561,38.0
6738,317087,562,37.9
6738,317087,563,37.9
6738,317087,564,37.9
6738,317087,565,37.9
6738,317087,566,37.9
6738,317087,567,37.8
6738,317087,568,37.8
6738,317087,569,37.8
6738,317087,570,37.8
6738,317087,571,37.9
6738,317087,572,37.8
6738,317087,573,37.8
6738,317087,574,37.8
6738,317087,575,37.7
6738,317087,576,37.7
6738,317087,577,37.7
6738,317087,578,37.7
6738,317087,579,37.7
6738,317087,580,37.6
6738,317087,581,37.6
6738,317087,582,37.6
6738,317087,583,37.5
6738,317087,584,37.5
6738,317087,585,37.6
6738,317087,586,37.4
6738,317087,587,37.4
6738,317087,588,37.4
6738,317087,589,37.4
6738,317087,590,37.4
6738,317087,591,37.3
6738,317087,592,37.3
6738,317087,593,37.3
6738,317087,594,37.3
6738,317087,595,37.3
6738,317087,596,37.2
6738,317087,597,37.2
6738,317087,598,37.2
6738,317087,599,37.1
6738,317087,600,37.1
6738,317087,601,37.1
6738,317087,602,37.1
6738,317087,603,36.9
6738,317087,604,37.1
6738,317087,605,37.1
6738,317087,606,36.9
6738,317087,607,36.9
6738,317087,608,36.9
6738,317087,609,36.9
6738,317087,610,36.9
6738,317087,611,36.8
6738,317087,612,36.8
6738,317087,613,36.8
6738,317087,614,36.8
6738,317087,615,36.7
6738,317087,616,36.8
6738,317087,617,36.7
6738,317087,618,36.7
6738,317087,619,36.9
6738,317087,620,36.7
6738,317087,621,36.7
6738,317087,622,36.7
6738,317087,623,36.6
6738,317087,624,36.6
6738,317087,625,36.6
6738,317087,626,36.6
6738,317087,627,36.6
6738,317087,628,36.5
6738,317087,629,36.5
6738,317087,630,36.5
6738,317087,631,36.5
6738,317087,632,36.4
6738,317087,633,36.4
6738,317087,634,36.4
6738,317087,635,36.3
6738,317087,636,36.3
6738,317087,637,33.8
6738,317087,638,36.3
6738,317087,639,36.2
6738,317087,640,36.2
6738,317087,641,36.2
6738,317087,642,36.2
6738,317087,643,36.5
6738,317087,644,36.5
6738,317087,645,36.3
6738,317087,646,36.4
6738,317087,647,36.3
6738,317087,648,36.4
6738,317087,649,36.3
6738,317087,650,36.3
6738,317087,651,36.3
6738,317087,652,36.3
6738,317087,653,36.3
6738,317087,654,36.2
6738,317087,655,36.2
6738,317087,656,36.2
6738,317087,657,36.2
6738,317087,658,36.2
6738,317087,659,36.1
6738,317087,660,36.1
6738,317087,661,36.1
6738,317087,662,36.1
6738,317087,663,36.1
6738,317087,664,36.0
6738,317087,665,36.0
6738,317087,666,36.0
6738,317087,667,36.0
6738,317087,668,36.0
6738,317087,669,35.9
6738,317087,670,35.9
6738,317087,671,35.9
6738,317087,672,35.9
6738,317087,673,35.8
6738,317087,674,36.0
6738,317087,675,35.9
6738,317087,676,35.9
6738,317087,677,35.9
6738,317087,678,35.8
6738,317087,679,35.8
6738,317087,680,35.8
6738,317087,681,35.8
6738,317087,682,35.8
6738,317087,683,35.7
6738,317087,684,35.7
6738,317087,685,35.7
6738,317087,686,35.7
6738,317087,687,35.7
6738,317087,688,35.6
6738,317087,689,35.6
6738,317087,690,35.6
6738,317087,691,35.6
6738,317087,692,35.5
6738,317087,693,35.5
6738,317087,694,35.4
6738,317087,695,35.5
6738,317087,696,35.5
6738,317087,697,35.4
6738,317087,698,35.4
6738,317087,699,35.4
6738,317087,700,35.4
6738,317087,701,35.3
6738,317087,702,35.3
6738,317087,703,35.3
6738,317087,704,35.3
6738,317087,705,35.3
6738,317087,706,35.2
6738,317087,707,35.2
6738,317087,708,35.2
6738,317087,709,35.2
6738,317087,710,35.2
6738,317087,711,35.1
6738,317087,712,35.1
6738,317087,713,35.1
6738,317087,714,35.1
6738,317087,715,35.0
6738,317087,716,35.0
6738,317087,717,35.0
6738,317087,718,35.0
6738,317087,719,35.0
6738,317087,720,34.9
6738,317087,721,34.9
6738,317087,722,34.9
6738,317087,723,34.9
6738,317087,724,35.0
6738,317087,725,34.9
6738,317087,726,34.9
6738,317087,727,34.9
6738,317087,728,34.9
6738,317087,729,34.9
6738,317087,730,34.8
6738,317087,731,34.8
6738,317087,732,34.8
6738,317087,733,34.8
6738,317087,734,34.8
6738,317087,735,34.7
6738,317087,736,34.7
6738,317087,737,34.7
6738,317087,738,34.7
6738,317087,739,34.7
6738,317087,740,34.6
6738,317087,741,34.6
6738,317087,742,34.6
6738,317087,743,34.6
6738,317087,744,34.6
6738,317087,745,34.5
6738,317087,746,34.5
6738,317087,747,34.5
6738,317087,748,34.5
6738,317087,749,34.5
6738,317087,750,34.4
6738,317087,751,34.4
6738,317087,752,34.4
6738,317087,753,34.4
6738,317087,754,34.3
6738,317087,755,34.4
6738,317087,756,34.3
6738,317087,757,34.3
6738,317087,758,34.3
6738,317087,759,34.3
6738,317087,760,34.2
6738,317087,761,34.2
6738,317087,762,34.2
6738,317087,763,34.2
6738,317087,764,34.1
6738,317087,765,34.1
6738,317087,766,34.1
6738,317087,767,34.0
6738,317087,768,34.1
6738,317087,769,34.0
6738,317087,770,34.0
6738,317087,771,34.0
6738,317087,772,33.9
6738,317087,773,33.9
6738,317087,774,33.9
6738,317087,775,33.9
6738,317087,776,33.9
6738,317087,777,33.9
6738,317087,778,33.8
6738,317087,779,34.0
6738,317087,780,33.9
6738,317087,781,33.9
6738,317087,782,33.9
6738,317087,783,33.9
6738,317087,784,33.9
6738,317087,785,33.8
6738,317087,786,33.8
6738,317087,787,33.8
6738,317087,788,33.8
6738,317087,789,33.8
6738,317087,790,33.8
6738,317087,791,33.8
6738,317087,792,33.6
6738,317087,793,33.7
6738,317087,794,33.7
6738,317087,795,33.7
6738,317087,796,33.7
6738,317087,797,33.6
6738,317087,798,33.6
6738,317087,799,33.6
6738,317087,800,33.6
6738,317087,801,33.6
6738,317087,802,33.6
6738,317087,803,33.5
6738,317087,804,33.5
6738,317087,805,33.5
6738,317087,806,33.5
6738,317087,807,33.4
6738,317087,808,33.4
6738,317087,809,33.4
6738,317087,810,33.4
6738,317087,811,33.4
6738,317087,812,33.4
6738,317087,813,33.3
6738,317087,814,33.3
6738,317087,815,33.3
6738,317087,816,33.3
6738,317087,817,33.3
6738,317087,818,33.2
6738,317087,819,33.2
6738,317087,820,33.2
6738,317087,821,33.2
6738,317087,822,33.1
6738,317087,823,33.1
6738,317087,824,33.0
6738,317087,825,33.1
6738,317087,826,33.1
6738,317087,827,33.1
6738,317087,828,33.1
6738,317087,829,33.0
6738,317087,830,33.0
6738,317087,831,33.0
6738,317087,832,32.9
6738,317087,833,32.9
6738,317087,834,33.1
6738,317087,835,33.0
6738,317087,836,33.0
6738,317087,837,33.0
6738,317087,838,33.0
6738,317087,839,32.9
6738,317087,840,32.9
6738,317087,841,32.9
6738,317087,842,32.9
6738,317087,843,32.9
6738,317087,844,32.8
6738,317087,845,32.8
6738,317087,846,32.8
6738,317087,847,32.8
6738,317087,848,32.7
6738,317087,849,32.7
6738,317087,850,32.7
6738,317087,851,32.6
6738,317087,852,32.7
7124,322204,1,47.0
7124,322204,2,47.8
7124,322204,3,47.7
7124,322204,4,47.7
7124,322204,5,47.6
7124,322204,6,47.7
7124,322204,7,47.6
7124,322204,8,47.5
7124,322204,9,47.5
7124,322204,10,47.5
7124,322204,11,47.4
7124,322204,12,47.4
7124,322204,13,47.3
7124,322204,14,47.3
7124,322204,15,47.2
7124,322204,16,47.2
7124,322204,17,47.2
7124,322204,18,47.1
7124,322204,19,47.1
7124,322204,20,47.3
7124,322204,21,47.2
7124,322204,22,47.2
7124,322204,23,47.1
7124,322204,24,47.1
7124,322204,25,47.1
7124,322204,26,47.0
7124,322204,27,47.0
7124,322204,28,46.9
7124,322204,29,46.9
7124,322204,30,46.8
7124,322204,31,46.8
7124,322204,32,46.7
7124,322204,33,46.7
7124,322204,34,46.7
7124,322204,35,46.6
7124,322204,36,46.6
7124,322204,37,44.2
7124,322204,38,46.6
7124,322204,39,46.6
7124,322204,40,45.3
7124,322204,41,43.8
7124,322204,42,46.4
7124,322204,43,46.4
7124,322204,44,46.4
7124,322204,45,46.7
7124,322204,46,46.6
7124,322204,47,46.6
7124,322204,48,46.5
7124,322204,49,46.5
7124,322204,50,46.3
7124,322204,51,46.5
7124,322204,52,46.5
7124,322204,53,46.3
7124,322204,54,46.3
7124,322204,55,46.3
7124,322204,56,46.3
7124,322204,57,46.3
7124,322204,58,46.2
7124,322204,59,46.2
7124,322204,60,46.2
7124,322204,61,46.3
7124,322204,62,46.3
7124,322204,63,46.2
7124,322204,64,46.2
7124,322204,65,46.1
7124,322204,66,46.1
7124,322204,67,46.1
7124,322204,68,46.0
7124,322204,69,46.0
7124,322204,70,46.0
7124,322204,71,45.9
7124,322204,72,45.9
7124,322204,73,45.9
7124,322204,74,45.8
7124,322204,75,45.8
7124,322204,76,45.8
7124,322204,77,45.7
7124,322204,78,45.7
7124,322204,79,45.7
7124,322204,80,45.7
7124,322204,81,45.6
7124,322204,82,45.6
7124,322204,83,45.6
7124,322204,84,45.5
7124,322204,85,45.5
7124,322204,86,45.5
7124,322204,87,45.4
7124,322204,88,45.4
7124,322204,89,45.4
7124,322204,90,45.3
7124,322204,91,45.3
7124,322204,92,45.3
7124,322204,93,45.2
7124,322204,94,45.1
7124,322204,95,45.2
7124,322204,96,45.2
7124,322204,97,45.1
7124,322204,98,45.1
7124,322204,99,45.0
7124,322204,100,45.0
7124,322204,101,45.1
7124,322204,102,45.0
7124,322204,103,45.0
7124,322204,104,45.0
7124,322204,105,45.0
7124,322204,106,45.0
7124,322204,107,44.9
7124,322204,108,44.9
7124,322204,109,44.8
7124,322204,110,44.8
7124,322204,111,44.8
7124,322204,112,44.8
7124,322204,113,44.8
7124,322204,114,44.7
7124,322204,115,44.6
7124,322204,116,44.7
7124,322204,117,44.5
7124,322204,118,44.6
7124,322204,119,44.6
7124,322204,120,44.5
7124,322204,121,44.5
7124,322204,122,44.5
7124,322204,123,44.4
7124,322204,124,44.4
7124,322204,125,44.4
7124,322204,126,44.3
7124,322204,127,44.3
7124,322204,128,44.3
7124,322204,129,44.3
7124,322204,130,44.2
7124,322204,131,44.2
7124,322204,132,44.2
7124,322204,133,44.1
7124,322204,134,44.1
7124,322204,135,44.1
7124,322204,136,44.0
7124,322204,137,43.9
7124,322204,138,44.0
7124,322204,139,43.9
7124,322204,140,43.9
7124,322204,141,43.9
7124,322204,142,43.9
7124,322204,143,43.8
7124,322204,144,44.0
7124,322204,145,43.9
7124,322204,146,43.9
7124,322204,147,43.8
7124,322204,148,43.8
7124,322204,149,43.8
7124,322204,150,43.7
7124,322204,151,43.7
7124,322204,152,43.7
7124,322204,153,43.6
7124,322204,154,43.6
7124,322204,155,43.6
7124,322204,156,43.6
7124,322204,157,43.6
7124,322204,158,43.6
7124,322204,159,43.5
7124,322204,160,43.5
7124,322204,161,43.4
7124,322204,162,43.4
7124,322204,163,43.4
7124,322204,164,43.4
7124,322204,165,43.3
7124,322204,166,43.3
7124,322204,167,43.2
7124,322204,168,43.2
7124,322204,169,43.2
7124,322204,170,43.1
7124,322204,171,43.1
7124,322204,172,43.1
7124,322204,173,43.1
7124,322204,174,43.0
7124,322204,175,43.0
7124,322204,176,42.9
7124,322204,177,42.9
7124,322204,178,42.9
7124,322204,179,42.9
7124,322204,180,42.9
7124,322204,181,42.8
7124,322204,182,42.8
7124,322204,183,42.8
7124,322204,184,42.8
7124,322204,185,42.7
7124,322204,186,42.9
7124,322204,187,42.8
7124,322204,188,42.8
7124,322204,189,42.7
7124,322204,190,42.7
7124,322204,191,42.7
7124,322204,192,42.7
7124,322204,193,42.6
7124,322204,194,42.6
7124,322204,195,42.6
7124,322204,196,42.5
7124,322204,197,42.4
7124,322204,198,42.5
7124,322204,199,42.5
7124,322204,200,42.4
7124,322204,201,42.4
7124,322204,202,42.3
7124,322204,203,42.3
7124,322204,204,42.2
7124,322204,205,42.2
7124,322204,206,42.2
7124,322204,207,42.2
7124,322204,208,42.2
7124,322204,209,42.1
7124,322204,210,42.1
7124,322204,211,42.1
7124,322204,212,42.1
7124,322204,213,42.1
7124,322204,214,42.0
7124,322204,215,42.0
7124,322204,216,41.9
7124,322204,217,41.9
7124,322204,218,41.9
7124,322204,219,41.8
7124,322204,220,41.8
7124,322204,221,41.7
7124,322204,222,41.7
7124,322204,223,41.7
7124,322204,224,41.7
7124,322204,225,41.7
7124,322204,226,41.6
7124,322204,227,41.6
7124,322204,228,41.7
7124,322204,229,41.7
7124,322204,230,41.7
7124,322204,231,41.6
7124,322204,232,41.6
7124,322204,233,41.6
7124,322204,234,41.6
7124,322204,235,41.5
7124,322204,236,41.5
7124,322204,237,41.4
7124,322204,238,41.4
7124,322204,239,41.4
7124,322204,240,41.3
7124,322204,241,41.3
7124,322204,242,41.3
7124,322204,243,41.3
7124,322204,244,41.2
7124,322204,245,41.2
7124,322204,246,41.2
7124,322204,247,41.2
7124,322204,248,41.1
7124,322204,249,41.1
7124,322204,250,41.1
7124,322204,251,41.1
7124,322204,252,41.1
7124,322204,253,41.0
7124,322204,254,41.0
7124,322204,255,41.0
7124,322204,256,40.9
7124,322204,257,40.9
7124,322204,258,40.8
7124,322204,259,40.8
7124,322204,260,40.7
7124,322204,261,40.7
7124,322204,262,40.7
7124,322204,263,40.7
7124,322204,264,40.7
7124,322204,265,40.7
7124,322204,266,40.7
7124,322204,267,40.7
7124,322204,268,40.7
7124,322204,269,40.6
7124,322204,270,40.7
7124,322204,271,40.6
7124,322204,272,40.6
7124,322204,273,40.7
7124,322204,274,40.7
7124,322204,275,40.6
7124,322204,276,40.6
7124,322204,277,40.5
7124,322204,278,40.5
7124,322204,279,40.4
7124,322204,280,40.4
7124,322204,281,40.4
7124,322204,282,40.4
7124,322204,283,40.4
7124,322204,284,40.4
7124,322204,285,40.3
7124,322204,286,40.3
7124,322204,287,40.3
7124,322204,288,40.2
7124,322204,289,40.2
7124,322204,290,40.1
7124,322204,291,40.1
7124,322204,292,40.0
7124,322204,293,40.0
7124,322204,294,40.0
7124,322204,295,40.0
7124,322204,296,39.9
7124,322204,297,40.0
7124,322204,298,39.9
7124,322204,299,39.8
7124,322204,300,39.8
7124,322204,301,39.8
7124,322204,302,39.8
7124,322204,303,39.8
7124,322204,304,39.8
7124,322204,305,39.7
7124,322204,306,39.7
7124,322204,307,39.7
7124,322204,308,39.6
7124,322204,309,39.6
7124,322204,310,39.0
7124,322204,311,33.8
7124,322204,312,37.1
7124,322204,313,39.8
7124,322204,314,39.7
7124,322204,315,39.6
7124,322204,316,39.6
7124,322204,317,39.6
7124,322204,318,39.6
7124,322204,319,39.5
7124,322204,320,39.5
7124,322204,321,39.6
7124,322204,322,39.6
7124,322204,323,39.6
7124,322204,324,39.5
7124,322204,325,39.5
7124,322204,326,39.5
7124,322204,327,39.4
7124,322204,328,39.4
7124,322204,329,39.4
7124,322204,330,39.3
7124,322204,331,39.3
7124,322204,332,39.3
7124,322204,333,39.1
7124,322204,334,38.8
7124,322204,335,39.2
7124,322204,336,39.2
7124,322204,337,39.1
7124,322204,338,39.1
7124,322204,339,39.1
7124,322204,340,39.0
7124,322204,341,39.0
7124,322204,342,39.0
7124,322204,343,39.0
7124,322204,344,38.9
7124,322204,345,38.9
7124,322204,346,38.9
7124,322204,347,38.9
7124,322204,348,38.8
7124,322204,349,38.8
7124,322204,350,38.8
7124,322204,351,38.8
7124,322204,352,38.8
7124,322204,353,38.7
7124,322204,354,38.7
7124,322204,355,38.7
7124,322204,356,38.6
7124,322204,357,38.6
7124,322204,358,38.6
7124,322204,359,38.6
7124,322204,360,38.6
7124,322204,361,38.5
7124,322204,362,38.5
7124,322204,363,38.5
7124,322204,364,38.5
7124,322204,365,38.6
7124,322204,366,38.6
7124,322204,367,38.5
7124,322204,368,38.5
7124,322204,369,38.5
7124,322204,370,38.4
7124,322204,371,38.4
7124,322204,372,38.3
7124,322204,373,38.4
7124,322204,374,38.3
7124,322204,375,38.2
7124,322204,376,38.2
7124,322204,377,38.2
7124,322204,378,38.2
7124,322204,379,38.2
7124,322204,380,38.2
7124,322204,381,38.1
7124,322204,382,38.1
7124,322204,383,38.1
7124,322204,384,38.1
7124,322204,385,38.1
7124,322204,386,38.1
7124,322204,387,38.0
7124,322204,388,38.0
7124,322204,389,38.0
7124,322204,390,37.9
7124,322204,391,37.9
7124,322204,392,37.9
7124,322204,393,37.9
7124,322204,394,37.9
7124,322204,395,37.8
7124,322204,396,37.8
7124,322204,397,37.8
7124,322204,398,37.8
7124,322204,399,37.7
7124,322204,400,37.7
7124,322204,401,37.7
7124,322204,402,37.7
7124,322204,403,37.6
7124,322204,404,37.6
7124,322204,405,37.6
7124,322204,406,37.6
7124,322204,407,37.5
7124,322204,408,37.5
7124,322204,409,37.5
7124,322204,410,37.5
7124,322204,411,37.3
7124,322204,412,37.5
7124,322204,413,37.5
7124,322204,414,37.5
7124,322204,415,37.4
7124,322204,416,37.4
7124,322204,417,37.4
7124,322204,418,37.4
7124,322204,419,37.3
7124,322204,420,37.3
7124,322204,421,37.3
7124,322204,422,37.3
7124,322204,423,37.2
7124,322204,424,37.2
7124,322204,425,37.2
7124,322204,426,37.2
7124,322204,427,37.1
7124,322204,428,37.1
7124,322204,429,37.0
7124,322204,430,37.0
7124,322204,431,37.0
7124,322204,432,37.0
7124,322204,433,37.0
7124,322204,434,37.0
7124,322204,435,37.0
7124,322204,436,36.9
7124,322204,437,37.0
7124,322204,438,36.9
7124,322204,439,36.9
7124,322204,440,36.9
7124,322204,441,36.8
7124,322204,442,36.8
7124,322204,443,36.8
7124,322204,444,36.8
7124,322204,445,36.8
7124,322204,446,36.7
7124,322204,447,36.7
7124,322204,448,36.7
7124,322204,449,36.7
7124,322204,450,36.7
7124,322204,451,36.6
7124,322204,452,36.6
7124,322204,453,36.6
7124,322204,454,36.6
7124,322204,455,36.6
7124,322204,456,36.5
7124,322204,457,36.5
7124,322204,458,36.5
7124,322204,459,36.5
7124,322204,460,36.4
7124,322204,461,36.5
7124,322204,462,36.5
7124,322204,463,36.4
7124,322204,464,36.4
7124,322204,465,36.4
7124,322204,466,36.3
7124,322204,467,36.3
7124,322204,468,36.2
7124,322204,469,36.2
7124,322204,470,36.2
7124,322204,471,36.2
7124,322204,472,36.1
7124,322204,473,36.2
7124,322204,474,36.2
7124,322204,475,36.1
7124,322204,476,36.1
7124,322204,477,36.1
7124,322204,478,36.1
7124,322204,479,36.1
7124,322204,480,36.1
7124,322204,481,36.0
7124,322204,482,36.0
7124,322204,483,36.0
7124,322204,484,36.0
7124,322204,485,36.0
7124,322204,486,35.9
7124,322204,487,35.9
7124,322204,488,35.9
7124,322204,489,35.8
7124,322204,490,35.9
7124,322204,491,35.9
7124,322204,492,35.8
7124,322204,493,35.8
7124,322204,494,35.7
7124,322204,495,35.7
7124,322204,496,35.7
7124,322204,497,35.7
7124,322204,498,35.7
7124,322204,499,35.6
7124,322204,500,35.6
7124,322204,501,35.6
7124,322204,502,35.5
7124,322204,503,35.5
7124,322204,504,35.5
7124,322204,505,35.5
7124,322204,506,35.4
7124,322204,507,35.4
7124,322204,508,35.4
7124,322204,509,35.4
7124,322204,510,35.3
7124,322204,511,35.5
7124,322204,512,35.4
7124,322204,513,35.4
7124,322204,514,35.4
7124,322204,515,35.3
7124,322204,516,35.3
7124,322204,517,35.3
7124,322204,518,35.3
7124,322204,519,35.3
7124,322204,520,35.2
7124,322204,521,35.2
7124,322204,522,35.2
7124,322204,523,35.2
7124,322204,524,35.1
7124,322204,525,35.1
7124,322204,526,35.1
7124,322204,527,35.1
7124,322204,528,35.0
7124,322204,529,35.0
7124,322204,530,35.0
7124,322204,531,35.0
7124,322204,532,35.0
7124,322204,533,34.9
7124,322204,534,34.9
7124,322204,535,34.9
7124,322204,536,34.9
7124,322204,537,34.9
7124,322204,538,34.8
7124,322204,539,34.8
7124,322204,540,34.8
7124,322204,541,34.8
7124,322204,542,34.7
7124,322204,543,34.7
7124,322204,544,34.7
7124,322204,545,34.7
7124,322204,546,34.7
7124,322204,547,34.6
7124,322204,548,34.6
7124,322204,549,34.6
7124,322204,550,34.6
7124,322204,551,34.6
7124,322204,552,34.5
7124,322204,553,34.5
7124,322204,554,34.5
7124,322204,555,34.5
7124,322204,556,34.4
7124,322204,557,34.4
7124,322204,558,34.4
7124,322204,559,34.5
7124,322204,560,34.4
7124,322204,561,34.4
7124,322204,562,34.4
7124,322204,563,34.4
7124,322204,564,34.4
7124,322204,565,34.4
7124,322204,566,34.3
7124,322204,567,34.3
7124,322204,568,34.3
7124,322204,569,34.2
7124,322204,570,34.2
7124,322204,571,34.2
7124,322204,572,34.2
7124,322204,573,34.2
7124,322204,574,34.1
7124,322204,575,34.1
7124,322204,576,34.1
7124,322204,577,34.0
7124,322204,578,34.0
7124,322204,579,34.0
7124,322204,580,34.0
7124,322204,581,34.0
7124,322204,582,34.0
7124,322204,583,33.9
7124,322204,584,33.9
7124,322204,585,33.9
7124,322204,586,33.9
7124,322204,587,33.9
7124,322204,588,33.8
7124,322204,589,33.8
7124,322204,590,33.8
7124,322204,591,33.8
7124,322204,592,33.8
7124,322204,593,33.7
7124,322204,594,33.7
7124,322204,595,33.7
7124,322204,596,33.6
7124,322204,597,33.6
7124,322204,598,33.6
7124,322204,599,33.6
7124,322204,600,33.6
7124,322204,601,33.5
7124,322204,602,33.5
7124,322204,603,33.5
7124,322204,604,33.5
7124,322204,605,33.5
7124,322204,606,31.3
7124,322204,607,32.4
7124,322204,608,33.4
7124,322204,609,33.4
7124,322204,610,33.4
7124,322204,611,33.4
7124,322204,612,33.4
7124,322204,613,33.4
7124,322204,614,33.3
7124,322204,615,33.3
7124,322204,616,33.3
7124,322204,617,33.3
7124,322204,618,33.4
7124,322204,619,33.3
7124,322204,620,33.3
7124,322204,621,33.3
7124,322204,622,33.3
7124,322204,623,33.3
7124,322204,624,33.3
7124,322204,625,33.2
7124,322204,626,33.2
7124,322204,627,33.2
7124,322204,628,33.1
7124,322204,629,33.1
7124,322204,630,33.1
7124,322204,631,33.1
7124,322204,632,33.1
7124,322204,633,33.1
7124,322204,634,33.1
7124,322204,635,33.0
7124,322204,636,33.0
7124,322204,637,33.0
7124,322204,638,33.0
7124,322204,639,32.9
7124,322204,640,32.9
7124,322204,641,32.9
7124,322204,642,32.9
7124,322204,643,32.9
7124,322204,644,32.8
7124,322204,645,32.8
7124,322204,646,32.8
7124,322204,647,32.8
7124,322204,648,32.8
7124,322204,649,32.7
7124,322204,650,32.7
7124,322204,651,32.7
7124,322204,652,32.7
7124,322204,653,32.6
7124,322204,654,32.6
7124,322204,655,32.6
7124,322204,656,32.6
7124,322204,657,32.6
7124,322204,658,32.5
7124,322204,659,32.5
7124,322204,660,32.5
7124,322204,661,32.5
7124,322204,662,32.5
7124,322204,663,32.6
7124,322204,664,32.5
7124,322204,665,32.5
7124,322204,666,32.5
7124,322204,667,32.5
7124,322204,668,32.5
7124,322204,669,32.4
7124,322204,670,32.4
7124,322204,671,32.4
7124,322204,672,32.4
7124,322204,673,32.3
7124,322204,674,32.3
7124,322204,675,32.3
7124,322204,676,32.3
7124,322204,677,32.3
7124,322204,678,32.2
7124,322204,679,32.2
7124,322204,680,32.2
7124,322204,681,32.2
7124,322204,682,32.2
7124,322204,683,32.1
7124,322204,684,32.1
7124,322204,685,32.1
7124,322204,686,32.1
7124,322204,687,32.0
7124,322204,688,32.0
7124,322204,689,32.0
7124,322204,690,32.0
7124,322204,691,31.9
7124,322204,692,31.9
7124,322204,693,31.9
7124,322204,694,31.9
7124,322204,695,31.9
7124,322204,696,31.9
7124,322204,697,31.8
7124,322204,698,31.8
7124,322204,699,31.8
7124,322204,700,31.8
7124,322204,701,31.8
7124,322204,702,31.8
7124,322204,703,31.7
7124,322204,704,31.8
7124,322204,705,31.7
7124,322204,706,31.7
7124,322204,707,31.7
7124,322204,708,31.6
7124,322204,709,31.6
7124,322204,710,31.6
7124,322204,711,31.5
7124,322204,712,31.5
7124,322204,713,31.6
7124,322204,714,31.6
7124,322204,715,31.6
7124,322204,716,31.6
7124,322204,717,31.6
7124,322204,718,31.5
7124,322204,719,31.5
7124,322204,720,31.5
7124,322204,721,31.5
7124,322204,722,31.5
7124,322204,723,31.4
7124,322204,724,31.4
7124,322204,725,31.5
7124,322204,726,31.4
7124,322204,727,31.4
7124,322204,728,31.3
7124,322204,729,31.3
7124,322204,730,31.3
7124,322204,731,31.3
7124,322204,732,31.3
7124,322204,733,31.2
7124,322204,734,31.2
7124,322204,735,31.2
7124,322204,736,31.2
7124,322204,737,31.2
7124,322204,738,31.1
7124,322204,739,31.1
7124,322204,740,31.1
7124,322204,741,31.1
7124,322204,742,31.1
7124,322204,743,31.1
7124,322204,744,31.1
7124,322204,745,31.0
7124,322204,746,31.0
7124,322204,747,31.0
7124,322204,748,30.9
7124,322204,749,30.9
7124,322204,750,30.9
7124,322204,751,30.9
7124,322204,752,30.9
7124,322204,753,30.9
7124,322204,754,30.8
7124,322204,755,30.8
7124,322204,756,30.8
7124,322204,757,30.8
7124,322204,758,30.7
7124,322204,759,30.7
7124,322204,760,30.7
7124,322204,761,30.7
7124,322204,762,30.6
7124,322204,763,30.6
7124,322204,764,30.6
7124,322204,765,30.6
7124,322204,766,30.6
7124,322204,767,30.6
7124,322204,768,30.7
7124,322204,769,30.6
7124,322204,770,30.6
7124,322204,771,30.6
7124,322204,772,30.6
7124,322204,773,30.6
7124,322204,774,30.5
7124,322204,775,30.5
7124,322204,776,30.5
7124,322204,777,30.5
7124,322204,778,30.5
7124,322204,779,30.5
7124,322204,780,30.5
7124,322204,781,30.4
7124,322204,782,30.4
7124,322204,783,30.4
7124,322204,784,30.4
7124,322204,785,30.3
7124,322204,786,30.3
7124,322204,787,30.3
7124,322204,788,30.3
7124,322204,789,30.3
7124,322204,790,30.3
7124,322204,791,30.2
7124,322204,792,30.2
7124,322204,793,30.2
7124,322204,794,30.2
7124,322204,795,30.1
7124,322204,796,30.1
7124,322204,797,30.1
7124,322204,798,30.1
7124,322204,799,30.1
7124,322204,800,30.1
7124,322204,801,30.0
7124,322204,802,30.0
7124,322204,803,30.0
7124,322204,804,30.0
7124,322204,805,29.9
7124,322204,806,29.9
7124,322204,807,29.9
7124,322204,808,29.9
7124,322204,809,29.9
7124,322204,810,29.9
7124,322204,811,29.9
7124,322204,812,29.8
7124,322204,813,29.8
7124,322204,814,29.8
7124,322204,815,29.8
7124,322204,816,29.8
7124,322204,817,29.7
7124,322204,818,29.7
7124,322204,819,29.7
7124,322204,820,29.7
7124,322204,821,29.8
7124,322204,822,29.7
7124,322204,823,29.7
7124,322204,824,29.7
7124,322204,825,29.7
7124,322204,826,29.7
7124,322204,827,29.6
7124,322204,828,29.6
7124,322204,829,29.6
7124,322204,830,29.6
7124,322204,831,29.5
7124,322204,832,29.6
7124,322204,833,29.6
7124,322204,834,29.5
7124,322204,835,29.5
7124,322204,836,29.5
7124,322204,837,29.4
7124,322204,838,29.4
7124,322204,839,29.4
7124,322204,840,29.4
7124,322204,841,29.4
7124,322204,842,29.4
7124,322204,843,29.3
7124,322204,844,29.3
7124,322204,845,29.3
7124,322204,846,29.3
7124,322204,847,29.3
7124,322204,848,29.3
7124,322204,849,29.2
7124,322204,850,29.2
7124,322204,851,29.2
7124,322204,852,29.2
7124,322204,853,29.2
7124,322204,854,29.1
7124,322204,855,29.1
7124,322204,856,29.1
7124,322204,857,29.1
7124,322204,858,29.1
7124,322204,859,29.1
7124,322204,860,29.1
7124,322204,861,29.0
7124,322204,862,29.0
7124,322204,863,29.0
7124,322204,864,29.0
7124,322204,865,29.0
7124,322204,866,29.0
7124,322204,867,28.9
7124,322204,868,28.9
7124,322204,869,28.9
7124,322204,870,28.9
7124,322204,871,28.9
7124,322204,872,28.8
7124,322204,873,28.8
7124,322204,874,28.8
7124,322204,875,28.8
7124,322204,876,28.7
7124,322204,877,28.7
7124,322204,878,28.8
7124,322204,879,28.8
7124,322204,880,28.8
7124,322204,881,28.7
7124,322204,882,28.7
7124,322204,883,28.7
7124,322204,884,28.7
7124,322204,885,28.7
7124,322204,886,28.6
7124,322204,887,28.6
7124,322204,888,28.6
7124,322204,889,28.6
7124,322204,890,28.6
7124,322204,891,28.6
7124,322204,892,28.6
7124,322204,893,28.6
7124,322204,894,28.5
7124,322204,895,28.5
7124,322204,896,28.5
7124,322204,897,28.5
7124,322204,898,28.5
7124,322204,899,28.4
7124,322204,900,28.4
7124,322204,901,28.4
7124,322204,902,28.4
7124,322204,903,28.4
7124,322204,904,28.4
7124,322204,905,28.3
7124,322204,906,28.3
7124,322204,907,28.3
7124,322204,908,28.3
7124,322204,909,28.2
7124,322204,910,28.2
7124,322204,911,28.2
7124,322204,912,28.2
7124,322204,913,28.2
7124,322204,914,28.2
7124,322204,915,28.2
7124,322204,916,28.1
7124,322204,917,28.1
7124,322204,918,28.1
7124,322204,919,28.1
7124,322204,920,28.1
7124,322204,921,28.1
7124,322204,922,28.0
7124,322204,923,28.0
7124,322204,924,28.0
7124,322204,925,28.0
7124,322204,926,28.0
7124,322204,927,27.9
7124,322204,928,27.9
7124,322204,929,27.9
7124,322204,930,27.9
7124,322204,931,27.9
7124,322204,932,27.9
7124,322204,933,27.9
7124,322204,934,27.9
7124,322204,935,27.9
7124,322204,936,27.9
7124,322204,937,27.8
7124,322204,938,27.9
7124,322204,939,27.9
7124,322204,940,27.9
7124,322204,941,27.8
7124,322204,942,27.8
7124,322204,943,27.8
7124,322204,944,27.8
7124,322204,945,27.7
7124,322204,946,27.7
7124,322204,947,24.9
7124,322204,948,25.5
7124,322204,949,27.7
7124,322204,950,27.7
7124,322204,951,27.7
7124,322204,952,27.7
7124,322204,953,27.7
7124,322204,954,27.6
7124,322204,955,27.6
7124,322204,956,27.6
7124,322204,957,27.6
7124,322204,958,27.6
7124,322204,959,27.6
7124,322204,960,27.5
7124,322204,961,27.5
7124,322204,962,27.5
7124,322204,963,27.5
7124,322204,964,27.5
7124,322204,965,27.4
7124,322204,966,27.4
7124,322204,967,27.4
7124,322204,968,27.4
7124,322204,969,27.4
7124,322204,970,27.4
7124,322204,971,27.4
7124,322204,972,27.4
7124,322204,973,27.3
7124,322204,974,27.3
7124,322204,975,27.3
7124,322204,976,27.3
7124,322204,977,27.3
7124,322204,978,27.2
7124,322204,979,27.2
7124,322204,980,27.2
7124,322204,981,27.2
7124,322204,982,27.2
7124,322204,983,27.2
7124,322204,984,27.2
7124,322204,985,27.1
7124,322204,986,27.1
7124,322204,987,27.1
7124,322204,988,27.0
7124,322204,989,27.1
7124,322204,990,27.0
7124,322204,991,27.0
7124,322204,992,27.0
7124,322204,993,27.0
7124,322204,994,27.1
7124,322204,995,27.1
7124,322204,996,27.0
7124,322204,997,27.0
7124,322204,998,27.0
7124,322204,999,27.0
7124,322204,1000,27.0
7124,322204,1001,27.0
7124,322204,1002,26.9
7124,322204,1003,26.9
7124,322204,1004,26.9
7124,322204,1005,26.9
7124,322204,1006,26.9
7124,322204,1007,26.8
7124,322204,1008,26.9
7124,322204,1009,26.8
7124,322204,1010,26.8
7124,322204,1011,26.8
7124,322204,1012,26.7
7124,322204,1013,26.8
7124,322204,1014,26.7
7124,322204,1015,26.7
7124,322204,1016,26.7
7124,322204,1017,26.7
7124,322204,1018,26.7
7124,322204,1019,26.7
7124,322204,1020,26.6
7124,322204,1021,26.6
7124,322204,1022,26.6
7124,322204,1023,26.6
7124,322204,1024,26.6
7124,322204,1025,26.6
7124,322204,1026,26.5
7124,322204,1027,26.5
7124,322204,1028,26.5
7124,322204,1029,26.5
7124,322204,1030,26.5
7124,322204,1031,26.5
7124,322204,1032,26.4
7124,322204,1033,26.4
7124,322204,1034,26.4
7124,322204,1035,26.4
7124,322204,1036,26.4
7124,322204,1037,26.4
7124,322204,1038,26.3
7124,322204,1039,26.3
7124,322204,1040,26.3
7124,322204,1041,26.3
7124,322204,1042,26.3
7124,322204,1043,26.3
7124,322204,1044,26.3
7124,322204,1045,26.2
7124,322204,1046,26.2
7124,322204,1047,26.2
7124,322204,1048,26.3
7124,322204,1049,26.2
7124,322204,1050,26.2
7124,322204,1051,26.3
7124,322204,1052,26.2
7124,322204,1053,26.2
7124,322204,1054,26.1
7124,322204,1055,26.1
7124,322204,1056,26.1
7124,322204,1057,26.1
7124,322204,1058,26.1
7124,322204,1059,26.0
7124,322204,1060,26.0
7124,322204,1061,26.0
7124,322204,1062,26.0
7124,322204,1063,26.0
7124,322204,1064,26.0
7124,322204,1065,26.0
7124,322204,1066,26.0
7124,322204,1067,25.9
7124,322204,1068,25.9
7124,322204,1069,25.9
7124,322204,1070,25.9
7124,322204,1071,25.9
7124,322204,1072,25.9
7124,322204,1073,25.9
7124,322204,1074,25.9
7124,322204,1075,25.9
7124,322204,1076,25.8
7124,322204,1077,25.8
7124,322204,1078,25.8
7124,322204,1079,25.8
7124,322204,1080,25.7
7124,322204,1081,25.7
7124,322204,1082,25.7
7124,322204,1083,25.8
7124,322204,1084,25.7
7124,322204,1085,25.7
7124,322204,1086,25.6
7124,322204,1087,25.6
7124,322204,1088,25.6
7124,322204,1089,25.6
7124,322204,1090,25.6
7124,322204,1091,25.6
7124,322204,1092,25.5
7124,322204,1093,25.5
7124,322204,1094,25.5
7124,322204,1095,25.5
7124,322204,1096,25.5
7124,322204,1097,25.5
7124,322204,1098,25.5
7124,322204,1099,25.5
7124,322204,1100,25.4
7124,322204,1101,25.5
7124,322204,1102,25.4
7124,322204,1103,25.4
7124,322204,1104,25.4
7124,322204,1105,25.4
7124,322204,1106,25.4
7124,322204,1107,25.3
7124,322204,1108,25.3
7124,322204,1109,25.3
7124,322204,1110,25.4
7124,322204,1111,25.4
7124,322204,1112,25.3
7124,322204,1113,25.3
7124,322204,1114,25.3
7124,322204,1115,25.2
7124,322204,1116,25.2
7124,322204,1117,25.2
7124,322204,1118,25.2
7124,322204,1119,25.2
7124,322204,1120,25.2
7124,322204,1121,25.1
7124,322204,1122,25.1
7124,322204,1123,25.1
7124,322204,1124,25.1
7124,322204,1125,25.1
7124,322204,1126,25.1
7124,322204,1127,25.1
7124,322204,1128,25.0
7124,322204,1129,25.0
7124,322204,1130,25.1
7124,322204,1131,26.3
7124,322204,1132,27.0
7124,322204,1133,27.0
7124,322204,1134,27.0
7124,322204,1135,27.0
7124,322204,1136,26.9
7124,322204,1137,25.7
7124,322204,1138,25.2
7124,322204,1139,23.6
7124,322204,1140,27.0
7124,322204,1141,26.9
7124,322204,1142,26.9
7124,322204,1143,26.8
,#Summary,,
,#nfill,nrun,
,#1,1,
7118,322079,39,57.6
7118,322079,40,57.5
7118,322079,41,57.5
7118,322079,42,57.4
7118,322079,43,57.1
7118,322079,44,57.1
7118,322079,45,15.1
7118,322079,46,31.2
7118,322079,47,50.0
7118,322079,48,50.8
7118,322079,49,34.0
7118,322079,50,6.3
7118,322079,51,56.6
7118,322079,52,7.6
7118,322079,53,22.0
7118,322079,54,47.1
7118,322079,55,50.5
7118,322079,56,30.6
7118,322079,57,5.0
7118,322079,58,56.2
7118,322079,59,56.1
7118,322079,60,56.1
7118,322079,61,56.0
7118,322079,62,56.0
7118,322079,63,55.9
7118,322079,64,55.9
7118,322079,65,55.8
7118,322079,66,55.7
7118,322079,67,55.7
7118,322079,68,55.8
7118,322079,69,55.6
7118,322079,70,55.5
7118,322079,71,55.4
7118,322079,72,55.1
7118,322079,73,55.2
7118,322079,74,55.0
7118,322079,75,54.8
7118,322079,76,54.8
7118,322079,77,54.7
7118,322079,78,54.6
7118,322079,79,54.6
7118,322079,80,54.6
7118,322079,81,54.6
7118,322079,82,54.6
7118,322079,83,54.4
7118,322079,84,54.2
7118,322079,85,54.2
7118,322079,86,54.1
7118,322079,87,54.0
7118,322079,88,53.9
7118,322079,89,53.8
7118,322079,90,53.7
7118,322079,91,53.5
7118,322079,92,53.4
7118,322079,93,53.2
7118,322079,94,53.2
7118,322079,95,53.2
7118,322079,96,53.2
7118,322079,97,53.1
7118,322079,98,53.0
7118,322079,99,53.0
7118,322079,100,52.9
7118,322079,101,52.8
7118,322079,102,52.8
7118,322079,103,52.8
7118,322079,104,52.8
7118,322079,105,52.7
7118,322079,106,52.6
7118,322079,107,52.7
7118,322079,108,52.5
7118,322079,109,48.9
7118,322079,110,50.8
7118,322079,111,44.4
7118,322079,112,52.2
7118,322079,113,43.8
7118,322079,114,51.6
7118,322079,115,54.7
7118,322079,116,54.6
7118,322079,117,54.6
7118,322079,118,54.6
7118,322079,119,54.5
7118,322079,120,54.5
7118,322079,121,54.4
7118,322079,122,54.4
7118,322079,123,54.3
7118,322079,124,54.2
7118,322079,125,54.2
7118,322079,126,54.1
7118,322079,127,54.1
7118,322079,128,54.1
7118,322079,129,54.0
7118,322079,130,54.0
7118,322079,131,53.9
7118,322079,132,54.0
7118,322079,133,54.0
7118,322079,134,53.9
7118,322079,135,53.8
7118,322079,136,53.8
7118,322079,137,53.8
7118,322079,138,53.8
7118,322079,139,53.7
7118,322079,140,53.7
7118,322079,141,53.6
7118,322079,142,53.8
7118,322079,143,53.7
7118,322079,144,53.6
7118,322079,145,53.6
7118,322079,146,53.5
7118,322079,147,53.5
7118,322079,148,53.4
7118,322079,149,53.4
7118,322079,150,53.3
7118,322079,151,53.3
7118,322079,152,53.2
7118,322079,153,53.2
7118,322079,154,53.2
7118,322079,155,53.1
7118,322079,156,53.1
7118,322079,157,52.9
7118,322079,158,53.1
7118,322079,159,53.1
7118,322079,160,52.9
7118,322079,161,52.8
7118,322079,162,52.8
7118,322079,163,52.8
7118,322079,164,52.6
7118,322079,165,52.7
7118,322079,166,52.6
7118,322079,167,52.6
7118,322079,168,52.5
7118,322079,169,52.5
7118,322079,170,52.5
7118,322079,171,52.5
7118,322079,172,52.4
7118,322079,173,52.4
7118,322079,174,52.3
7118,322079,175,52.3
7118,322079,176,52.2
7118,322079,177,52.1
7118,322079,178,52.1
7118,322079,179,52.0
7118,322079,180,52.2
7118,322079,181,52.2
7118,322079,182,52.1
7118,322079,183,52.0
7118,322079,184,52.0
7118,322079,185,52.0
7118,322079,186,51.9
7118,322079,187,51.9
7118,322079,188,51.8
7118,322079,189,51.8
7118,322079,190,51.8
7118,322079,191,51.8
7118,322079,192,51.8
7118,322079,193,51.7
7118,322079,194,51.7
7118,322079,195,51.6
7118,322079,196,51.6
7118,322079,197,51.6
7118,322079,198,51.5
7118,322079,199,51.5
7118,322079,200,51.5
7118,322079,201,51.4
7118,322079,202,51.4
7118,322079,203,51.4
7118,322079,204,51.4
7118,322079,205,51.3
7118,322079,206,51.2
7118,322079,207,51.2
7118,322079,208,51.2
7118,322079,209,51.2
7118,322079,210,51.1
7118,322079,211,51.1
7118,322079,212,51.0
7118,322079,213,51.0
7118,322079,214,50.9
7118,322079,215,50.8
7118,322079,216,50.8
7118,322079,217,50.9
7118,322079,218,50.9
7118,322079,219,50.8
7118,322079,220,50.7
7118,322079,221,50.7
7118,322079,222,50.6
7118,322079,223,50.6
7118,322079,224,50.6
7118,322079,225,50.6
7118,322079,226,50.6
7118,322079,227,50.6
7118,322079,228,50.5
7118,322079,229,50.5
7118,322079,230,50.5
7118,322079,231,50.4
7118,322079,232,50.4
7118,322079,233,50.3
7118,322079,234,50.3
7118,322079,235,50.2
7118,322079,236,50.2
7118,322079,237,50.2
7118,322079,238,47.1
7118,322079,239,50.1
7118,322079,240,48.6
7118,322079,241,50.0
7118,322079,242,50.0
7118,322079,243,47.8
7118,322079,244,50.2
7118,322079,245,50.2
7118,322079,246,50.1
7118,322079,247,50.1
7118,322079,248,50.1
7118,322079,249,50.0
7118,322079,250,50.0
7118,322079,251,50.0
7118,322079,252,49.9
7118,322079,253,49.7
7118,322079,254,50.1
7118,322079,255,50.0
7118,322079,256,50.0
7118,322079,257,49.9
7118,322079,258,49.9
7118,322079,259,49.8
7118,322079,260,49.8
7118,322079,261,49.8
7118,322079,262,49.7
7118,322079,263,49.7
7118,322079,264,49.7
7118,322079,265,49.6
7118,322079,266,49.6
7118,322079,267,49.5
7118,322079,268,49.5
7118,322079,269,49.5
7118,322079,270,49.4
7118,322079,271,49.4
7118,322079,272,49.3
7118,322079,273,49.2
7118,322079,274,49.3
7118,322079,275,49.3
7118,322079,276,49.3
7118,322079,277,49.2
7118,322079,278,49.1
7118,322079,279,49.1
7118,322079,280,49.1
7118,322079,281,49.1
7118,322079,282,49.0
7118,322079,283,48.9
7118,322079,284,48.9
7118,322079,285,48.9
7118,322079,286,48.8
7118,322079,287,48.8
7118,322079,288,48.7
7118,322079,289,48.7
7118,322079,290,48.7
7118,322079,291,48.7
7118,322079,292,48.6
7118,322079,293,48.6
7118,322079,294,48.8
7118,322079,295,48.7
7118,322079,296,48.7
7118,322079,297,48.6
7118,322079,298,48.6
7118,322079,299,48.5
7118,322079,300,48.5
7118,322079,301,48.4
7118,322079,302,48.4
7118,322079,303,48.4
7118,322079,304,48.5
7118,322079,305,48.3
7118,322079,306,48.3
7118,322079,307,48.3
7118,322079,308,48.3
7118,322079,309,48.3
7118,322079,310,48.2
7118,322079,311,48.2
7118,322079,312,48.1
7118,322079,313,48.1
7118,322079,314,48.1
7118,322079,315,48.0
7118,322079,316,48.0
7118,322079,317,48.0
7118,322079,318,47.9
7118,322079,319,47.9
7118,322079,320,47.9
7118,322079,321,47.8
7118,322079,322,47.8
7118,322079,323,47.8
7118,322079,324,47.7
7118,322079,325,47.7
7118,322079,326,47.7
7118,322079,327,47.6
7118,322079,328,47.6
7118,322079,329,47.6
7118,322079,330,47.5
7118,322079,331,47.5
7118,322079,332,47.4
7118,322079,333,47.4
7118,322079,334,47.3
7118,322079,335,47.3
7118,322079,336,47.5
7118,322079,337,47.4
7118,322079,338,47.4
7118,322079,339,47.3
7118,322079,340,47.3
7118,322079,341,47.3
7118,322079,342,47.2
7118,322079,343,47.2
7118,322079,344,47.2
7118,322079,345,47.1
7118,322079,346,47.1
7118,322079,347,47.0
7118,322079,348,47.1
7118,322079,349,47.0
7118,322079,350,47.0
7118,322079,351,46.9
7118,322079,352,46.9
7118,322079,353,46.8
7118,322079,354,46.8
7118,322079,355,46.8
7118,322079,356,46.8
7118,322079,357,46.8
7118,322079,358,46.8
7118,322079,359,46.8
7118,322079,360,46.7
7118,322079,361,46.7
7118,322079,362,46.5
7118,322079,363,46.6
7118,322079,364,46.5
7118,322079,365,46.5
7118,322079,366,46.4
7118,322079,367,46.4
7118,322079,368,46.3
7118,322079,369,46.3
7118,322079,370,46.3
7118,322079,371,46.3
7118,322079,372,46.3
7118,322079,373,46.2
7118,322079,374,46.4
7118,322079,375,46.3
7118,322079,376,46.3
7118,322079,377,46.2
7118,322079,378,46.2
7118,322079,379,46.2
7118,322079,380,46.2
7118,322079,381,46.1
7118,322079,382,46.1
7118,322079,383,46.1
7118,322079,384,46.0
7118,322079,385,46.0
7118,322079,386,46.0
7118,322079,387,45.8
7118,322079,388,46.0
7118,322079,389,45.9
7118,322079,390,45.9
7118,322079,391,45.8
7118,322079,392,45.7
7118,322079,393,45.7
7118,322079,394,45.7
7118,322079,395,45.7
7118,322079,396,45.8
7118,322079,397,45.6
7118,322079,398,45.6
7118,322079,399,45.6
7118,322079,400,45.6
7118,322079,401,45.5
7118,322079,402,45.5
7118,322079,403,45.4
7118,322079,404,45.4
7118,322079,405,45.3
7118,322079,406,45.3
7118,322079,407,45.2
7118,322079,408,45.4
7118,322079,409,45.4
7118,322079,410,45.3
7118,322079,411,45.2
7118,322079,412,45.2
7118,322079,413,45.2
7118,322079,414,45.2
7118,322079,415,45.1
7118,322079,416,45.1
7118,322079,417,45.1
7118,322079,418,45.0
7118,322079,419,44.9
7118,322079,420,45.2
7118,322079,421,45.0
7118,322079,422,45.0
7118,322079,423,45.0
7118,322079,424,45.0
7118,322079,425,44.9
7118,322079,426,44.6
7118,322079,427,45.0
7118,322079,428,44.9
7118,322079,429,44.8
7118,322079,430,44.8
7118,322079,431,44.7
7118,322079,432,44.7
7118,322079,433,44.7
7118,322079,434,44.7
7118,322079,435,44.7
7118,322079,436,44.7
7118,322079,437,44.6
7118,322079,438,44.6
7118,322079,439,44.5
7118,322079,440,44.5
7118,322079,441,44.5
7118,322079,442,44.4
7118,322079,443,44.3
7118,322079,444,44.4
7118,322079,445,44.4
7118,322079,446,44.3
7118,322079,447,44.2
7118,322079,448,44.3
7118,322079,449,44.3
7118,322079,450,44.2
7118,322079,451,44.2
7118,322079,452,44.2
7118,322079,453,44.2
7118,322079,454,44.1
7118,322079,455,44.1
7118,322079,456,44.0
7118,322079,457,43.9
7118,322079,458,44.1
7118,322079,459,44.1
,#Summary,,
,#nfill,nrun,
,#1,1,
7118,322079,39,57.6
7118,322079,40,57.5
7118,322079,41,57.5
7118,322079,42,57.4
7118,322079,43,57.1
7118,322079,44,57.1
7118,322079,45,15.1
7118,322079,46,31.2
7118,322079,47,50.0
7118,322079,48,50.8
7118,322079,49,34.0
7118,322079,50,6.3
7118,322079,51,56.6
7118,322079,52,7.6
7118,322079,53,22.0
7118,322079,54,47.1
7118,322079,55,50.5
7118,322079,56,30.6
7118,322079,57,5.0
7118,322079,58,56.2
7118,322079,59,56.1
7118,322079,60,56.1
7118,322079,61,56.0
7118,322079,62,56.0
7118,322079,63,55.9
7118,322079,64,55.9
7118,322079,65,55.8
7118,322079,66,55.7
7118,322079,67,55.7
7118,322079,68,55.8
7118,322079,69,55.6
7118,322079,70,55.5
7118,322079,71,55.4
7118,322079,72,55.1
7118,322079,73,55.2
7118,322079,74,55.0
7118,322079,75,54.8
7118,322079,76,54.8
7118,322079,77,54.7
7118,322079,78,54.6
7118,322079,79,54.6
7118,322079,80,54.6
7118,322079,81,54.6
7118,322079,82,54.6
7118,322079,83,54.4
7118,322079,84,54.2
7118,322079,85,54.2
7118,322079,86,54.1
7118,322079,87,54.0
7118,322079,88,53.9
7118,322079,89,53.8
7118,322079,90,53.7
7118,322079,91,53.5
7118,322079,92,53.4
7118,322079,93,53.2
7118,322079,94,53.2
7118,322079,95,53.2
7118,322079,96,53.2
7118,322079,97,53.1
7118,322079,98,53.0
7118,322079,99,53.0
7118,322079,100,52.9
7118,322079,101,52.8
7118,322079,102,52.8
7118,322079,103,52.8
7118,322079,104,52.8
7118,322079,105,52.7
7118,322079,106,52.6
7118,322079,107,52.7
7118,322079,108,52.5
7118,322079,109,48.9
7118,322079,110,50.8
7118,322079,111,44.4
7118,322079,112,52.2
7118,322079,113,43.8
7118,322079,114,51.6
7118,322079,115,54.7
7118,322079,116,54.6
7118,322079,117,54.6
7118,322079,118,54.6
7118,322079,119,54.5
7118,322079,120,54.5
7118,322079,121,54.4
7118,322079,122,54.4
7118,322079,123,54.3
7118,322079,124,54.2
7118,322079,125,54.2
7118,322079,126,54.1
7118,322079,127,54.1
7118,322079,128,54.1
7118,322079,129,54.0
7118,322079,130,54.0
7118,322079,131,53.9
7118,322079,132,54.0
7118,322079,133,54.0
7118,322079,134,53.9
7118,322079,135,53.8
7118,322079,136,53.8
7118,322079,137,53.8
7118,322079,138,53.8
7118,322079,139,53.7
7118,322079,140,53.7
7118,322079,141,53.6
7118,322079,142,53.8
7118,322079,143,53.7
7118,322079,144,53.6
7118,322079,145,53.6
7118,322079,146,53.5
7118,322079,147,53.5
7118,322079,148,53.4
7118,322079,149,53.4
7118,322079,150,53.3
7118,322079,151,53.3
7118,322079,152,53.2
7118,322079,153,53.2
7118,322079,154,53.2
7118,322079,155,53.1
7118,322079,156,53.1
7118,322079,157,52.9
7118,322079,158,53.1
7118,322079,159,53.1
7118,322079,160,52.9
7118,322079,161,52.8
7118,322079,162,52.8
7118,322079,163,52.8
7118,322079,164,52.6
7118,322079,165,52.7
7118,322079,166,52.6
7118,322079,167,52.6
7118,322079,168,52.5
7118,322079,169,52.5
7118,322079,170,52.5
7118,322079,171,52.5
7118,322079,172,52.4
7118,322079,173,52.4
7118,322079,174,52.3
7118,322079,175,52.3
7118,322079,176,52.2
7118,322079,177,52.1
7118,322079,178,52.1
7118,322079,179,52.0
7118,322079,180,52.2
7118,322079,181,52.2
7118,322079,182,52.1
7118,322079,183,52.0
7118,322079,184,52.0
7118,322079,185,52.0
7118,322079,186,51.9
7118,322079,187,51.9
7118,322079,188,51.8
7118,322079,189,51.8
7118,322079,190,51.8
7118,322079,191,51.8
7118,322079,192,51.8
7118,322079,193,51.7
7118,322079,194,51.7
7118,322079,195,51.6
7118,322079,196,51.6
7118,322079,197,51.6
7118,322079,198,51.5
7118,322079,199,51.5
7118,322079,200,51.5
7118,322079,201,51.4
7118,322079,202,51.4
7118,322079,203,51.4
7118,322079,204,51.4
7118,322079,205,51.3
7118,322079,206,51.2
7118,322079,207,51.2
7118,322079,208,51.2
7118,322079,209,51.2
7118,322079,210,51.1
7118,322079,211,51.1
7118,322079,212,51.0
7118,322079,213,51.0
7118,322079,214,50.9
7118,322079,215,50.8
7118,322079,216,50.8
7118,322079,217,50.9
7118,322079,218,50.9
7118,322079,219,50.8
7118,322079,220,50.7
7118,322079,221,50.7
7118,322079,222,50.6
7118,322079,223,50.6
7118,322079,224,50.6
7118,322079,225,50.6
7118,322079,226,50.6
7118,322079,227,50.6
7118,322079,228,50.5
7118,322079,229,50.5
7118,322079,230,50.5
7118,322079,231,50.4
7118,322079,232,50.4
7118,322079,233,50.3
7118,322079,234,50.3
7118,322079,235,50.2
7118,322079,236,50.2
7118,322079,237,50.2
7118,322079,238,47.1
7118,322079,239,50.1
7118,322079,240,48.6
7118,322079,241,50.0
7118,322079,242,50.0
7118,322079,243,47.8
7118,322079,244,50.2
7118,322079,245,50.2
7118,322079,246,50.1
7118,322079,247,50.1
7118,322079,248,50.1
7118,322079,249,50.0
7118,322079,250,50.0
7118,322079,251,50.0
7118,322079,252,49.9
7118,322079,253,49.7
7118,322079,254,50.1
7118,322079,255,50.0
7118,322079,256,50.0
7118,322079,257,49.9
7118,322079,258,49.9
7118,322079,259,49.8
7118,322079,260,49.8
7118,322079,261,49.8
7118,322079,262,49.7
7118,322079,263,49.7
7118,322079,264,49.7
7118,322079,265,49.6
7118,322079,266,49.6
7118,322079,267,49.5
7118,322079,268,49.5
7118,322079,269,49.5
7118,322079,270,49.4
7118,322079,271,49.4
7118,322079,272,49.3
7118,322079,273,49.2
7118,322079,274,49.3
7118,322079,275,49.3
7118,322079,276,49.3
7118,322079,277,49.2
7118,322079,278,49.1
7118,322079,279,49.1
7118,322079,280,49.1
7118,322079,281,49.1
7118,322079,282,49.0
7118,322079,283,48.9
7118,322079,284,48.9
7118,322079,285,48.9
7118,322079,286,48.8
7118,322079,287,48.8
7118,322079,288,48.7
7118,322079,289,48.7
7118,322079,290,48.7
7118,322079,291,48.7
7118,322079,292,48.6
7118,322079,293,48.6
7118,322079,294,48.8
7118,322079,295,48.7
7118,322079,296,48.7
7118,322079,297,48.6
7118,322079,298,48.6
7118,322079,299,48.5
7118,322079,300,48.5
7118,322079,301,48.4
7118,322079,302,48.4
7118,322079,303,48.4
7118,322079,304,48.5
7118,322079,305,48.3
7118,322079,306,48.3
7118,322079,307,48.3
7118,322079,308,48.3
7118,322079,309,48.3
7118,322079,310,48.2
7118,322079,311,48.2
7118,322079,312,48.1
7118,322079,313,48.1
7118,322079,314,48.1
7118,322079,315,48.0
7118,322079,316,48.0
7118,322079,317,48.0
7118,322079,318,47.9
7118,322079,319,47.9
7118,322079,320,47.9
7118,322079,321,47.8
7118,322079,322,47.8
7118,322079,323,47.8
7118,322079,324,47.7
7118,322079,325,47.7
7118,322079,326,47.7
7118,322079,327,47.6
7118,322079,328,47.6
7118,322079,329,47.6
7118,322079,330,47.5
7118,322079,331,47.5
7118,322079,332,47.4
7118,322079,333,47.4
7118,322079,334,47.3
7118,322079,335,47.3
7118,322079,336,47.5
7118,322079,337,47.4
7118,322079,338,47.4
7118,322079,339,47.3
7118,322079,340,47.3
7118,322079,341,47.3
7118,322079,342,47.2
7118,322079,343,47.2
7118,322079,344,47.2
7118,322079,345,47.1
7118,322079,346,47.1
7118,322079,347,47.0
7118,322079,348,47.1
7118,322079,349,47.0
7118,322079,350,47.0
7118,322079,351,46.9
7118,322079,352,46.9
7118,322079,353,46.8
7118,322079,354,46.8
7118,322079,355,46.8
7118,322079,356,46.8
7118,322079,357,46.8
7118,322079,358,46.8
7118,322079,359,46.8
7118,322079,360,46.7
7118,322079,361,46.7
7118,322079,362,46.5
7118,322079,363,46.6
7118,322079,364,46.5
7118,322079,365,46.5
7118,322079,366,46.4
7118,322079,367,46.4
7118,322079,368,46.3
7118,322079,369,46.3
7118,322079,370,46.3
7118,322079,371,46.3
7118,322079,372,46.3
7118,322079,373,46.2
7118,322079,374,46.4
7118,322079,375,46.3
7118,322079,376,46.3
7118,322079,377,46.2
7118,322079,378,46.2
7118,322079,379,46.2
7118,322079,380,46.2
7118,322079,381,46.1
7118,322079,382,46.1
7118,322079,383,46.1
7118,322079,384,46.0
7118,322079,385,46.0
7118,322079,386,46.0
7118,322079,387,45.8
7118,322079,388,46.0
7118,322079,389,45.9
7118,322079,390,45.9
7118,322079,391,45.8
7118,322079,392,45.7
7118,322079,393,45.7
7118,322079,394,45.7
7118,322079,395,45.7
7118,322079,396,45.8
7118,322079,397,45.6
7118,322079,398,45.6
7118,322079,399,45.6
7118,322079,400,45.6
7118,322079,401,45.5
7118,322079,402,45.5
7118,322079,403,45.4
7118,322079,404,45.4
7118,322079,405,45.3
7118,322079,406,45.3
7118,322079,407,45.2
7118,322079,408,45.4
7118,322079,409,45.4
7118,322079,410,45.3
7118,322079,411,45.2
7118,322079,412,45.2
7118,322079,413,45.2
7118,322079,414,45.2
7118,322079,415,45.1
7118,322079,416,45.1
7118,322079,417,45.1
7118,322079,418,45.0
7118,322079,419,44.9
7118,322079,420,45.2
7118,322079,421,45.0
7118,322079,422,45.0
7118,322079,423,45.0
7118,322079,424,45.0
7118,322079,425,44.9
7118,322079,426,44.6
7118,322079,427,45.0
7118,322079,428,44.9
7118,322079,429,44.8
7118,322079,430,44.8
7118,322079,431,44.7
7118,322079,432,44.7
7118,322079,433,44.7
7118,322079,434,44.7
7118,322079,435,44.7
7118,322079,436,44.7
7118,322079,437,44.6
7118,322079,438,44.6
7118,322079,439,44.5
7118,322079,440,44.5
7118,322079,441,44.5
7118,322079,442,44.4
7118,322079,443,44.3
7118,322079,444,44.4
7118,322079,445,44.4
7118,322079,446,44.3
7118,322079,447,44.2
7118,322079,448,44.3
7118,322079,449,44.3
7118,322079,450,44.2
7118,322079,451,44.2
7118,322079,452,44.2
7118,322079,453,44.2
7118,322079,454,44.1
7118,322079,455,44.1
7118,322079,456,44.0
7118,322079,457,43.9
7118,322079,458,44.1
7118,322079,459,44.1
,#Summary,,
,#nfill,nrun,
,#1,1,
7118,322079,39,57.6
7118,322079,40,57.5
7118,322079,41,57.5
7118,322079,42,57.4
7118,322079,43,57.1
7118,322079,44,57.1
7118,322079,45,15.1
7118,322079,46,31.2
7118,322079,47,50.0
7118,322079,48,50.8
7118,322079,49,34.0
7118,322079,50,6.3
7118,322079,51,56.6
7118,322079,52,7.6
7118,322079,53,22.0
7118,322079,54,47.1
7118,322079,55,50.5
7118,322079,56,30.6
7118,322079,57,5.0
7118,322079,58,56.2
7118,322079,59,56.1
7118,322079,60,56.1
7118,322079,61,56.0
7118,322079,62,56.0
7118,322079,63,55.9
7118,322079,64,55.9
7118,322079,65,55.8
7118,322079,66,55.7
7118,322079,67,55.7
7118,322079,68,55.8
7118,322079,69,55.6
7118,322079,70,55.5
7118,322079,71,55.4
7118,322079,72,55.1
7118,322079,73,55.2
7118,322079,74,55.0
7118,322079,75,54.8
7118,322079,76,54.8
7118,322079,77,54.7
7118,322079,78,54.6
7118,322079,79,54.6
7118,322079,80,54.6
7118,322079,81,54.6
7118,322079,82,54.6
7118,322079,83,54.4
7118,322079,84,54.2
7118,322079,85,54.2
7118,322079,86,54.1
7118,322079,87,54.0
7118,322079,88,53.9
7118,322079,89,53.8
7118,322079,90,53.7
7118,322079,91,53.5
7118,322079,92,53.4
7118,322079,93,53.2
7118,322079,94,53.2
7118,322079,95,53.2
7118,322079,96,53.2
7118,322079,97,53.1
7118,322079,98,53.0
7118,322079,99,53.0
7118,322079,100,52.9
7118,322079,101,52.8
7118,322079,102,52.8
7118,322079,103,52.8
7118,322079,104,52.8
7118,322079,105,52.7
7118,322079,106,52.6
7118,322079,107,52.7
7118,322079,108,52.5
7118,322079,109,48.9
7118,322079,110,50.8
7118,322079,111,44.4
7118,322079,112,52.2
7118,322079,113,43.8
7118,322079,114,51.6
7118,322079,115,54.7
7118,322079,116,54.6
7118,322079,117,54.6
7118,322079,118,54.6
7118,322079,119,54.5
7118,322079,120,54.5
7118,322079,121,54.4
7118,322079,122,54.4
7118,322079,123,54.3
7118,322079,124,54.2
7118,322079,125,54.2
7118,322079,126,54.1
7118,322079,127,54.1
7118,322079,128,54.1
7118,322079,129,54.0
7118,322079,130,54.0
7118,322079,131,53.9
7118,322079,132,54.0
7118,322079,133,54.0
7118,322079,134,53.9
7118,322079,135,53.8
7118,322079,136,53.8
7118,322079,137,53.8
7118,322079,138,53.8
7118,322079,139,53.7
7118,322079,140,53.7
7118,322079,141,53.6
7118,322079,142,53.8
7118,322079,143,53.7
7118,322079,144,53.6
7118,322079,145,53.6
7118,322079,146,53.5
7118,322079,147,53.5
7118,322079,148,53.4
7118,322079,149,53.4
7118,322079,150,53.3
7118,322079,151,53.3
7118,322079,152,53.2
7118,322079,153,53.2
7118,322079,154,53.2
7118,322079,155,53.1
7118,322079,156,53.1
7118,322079,157,52.9
7118,322079,158,53.1
7118,322079,159,53.1
7118,322079,160,52.9
7118,322079,161,52.8
7118,322079,162,52.8
7118,322079,163,52.8
7118,322079,164,52.6
7118,322079,165,52.7
7118,322079,166,52.6
7118,322079,167,52.6
7118,322079,168,52.5
7118,322079,169,52.5
7118,322079,170,52.5
7118,322079,171,52.5
7118,322079,172,52.4
7118,322079,173,52.4
7118,322079,174,52.3
7118,322079,175,52.3
7118,322079,176,52.2
7118,322079,177,52.1
7118,322079,178,52.1
7118,322079,179,52.0
7118,322079,180,52.2
7118,322079,181,52.2
7118,322079,182,52.1
7118,322079,183,52.0
7118,322079,184,52.0
7118,322079,185,52.0
7118,322079,186,51.9
7118,322079,187,51.9
7118,322079,188,51.8
7118,322079,189,51.8
7118,322079,190,51.8
7118,322079,191,51.8
7118,322079,192,51.8
7118,322079,193,51.7
7118,322079,194,51.7
7118,322079,195,51.6
7118,322079,196,51.6
7118,322079,197,51.6
7118,322079,198,51.5
7118,322079,199,51.5
7118,322079,200,51.5
7118,322079,201,51.4
7118,322079,202,51.4
7118,322079,203,51.4
7118,322079,204,51.4
7118,322079,205,51.3
7118,322079,206,51.2
7118,322079,207,51.2
7118,322079,208,51.2
7118,322079,209,51.2
7118,322079,210,51.1
7118,322079,211,51.1
7118,322079,212,51.0
7118,322079,213,51.0
7118,322079,214,50.9
7118,322079,215,50.8
7118,322079,216,50.8
7118,322079,217,50.9
7118,322079,218,50.9
7118,322079,219,50.8
7118,322079,220,50.7
7118,322079,221,50.7
7118,322079,222,50.6
7118,322079,223,50.6
7118,322079,224,50.6
7118,322079,225,50.6
7118,322079,226,50.6
7118,322079,227,50.6
7118,322079,228,50.5
7118,322079,229,50.5
7118,322079,230,50.5
7118,322079,231,50.4
7118,322079,232,50.4
7118,322079,233,50.3
7118,322079,234,50.3
7118,322079,235,50.2
7118,322079,236,50.2
7118,322079,237,50.2
7118,322079,238,47.1
7118,322079,239,50.1
7118,322079,240,48.6
7118,322079,241,50.0
7118,322079,242,50.0
7118,322079,243,47.8
7118,322079,244,50.2
7118,322079,245,50.2
7118,322079,246,50.1
7118,322079,247,50.1
7118,322079,248,50.1
7118,322079,249,50.0
7118,322079,250,50.0
7118,322079,251,50.0
7118,322079,252,49.9
7118,322079,253,49.7
7118,322079,254,50.1
7118,322079,255,50.0
7118,322079,256,50.0
7118,322079,257,49.9
7118,322079,258,49.9
7118,322079,259,49.8
7118,322079,260,49.8
7118,322079,261,49.8
7118,322079,262,49.7
7118,322079,263,49.7
7118,322079,264,49.7
7118,322079,265,49.6
7118,322079,266,49.6
7118,322079,267,49.5
7118,322079,268,49.5
7118,322079,269,49.5
7118,322079,270,49.4
7118,322079,271,49.4
7118,322079,272,49.3
7118,322079,273,49.2
7118,322079,274,49.3
7118,322079,275,49.3
7118,322079,276,49.3
7118,322079,277,49.2
7118,322079,278,49.1
7118,322079,279,49.1
7118,322079,280,49.1
7118,322079,281,49.1
7118,322079,282,49.0
7118,322079,283,48.9
7118,322079,284,48.9
7118,322079,285,48.9
7118,322079,286,48.8
7118,322079,287,48.8
7118,322079,288,48.7
7118,322079,289,48.7
7118,322079,290,48.7
7118,322079,291,48.7
7118,322079,292,48.6
7118,322079,293,48.6
7118,322079,294,48.8
7118,322079,295,48.7
7118,322079,296,48.7
7118,322079,297,48.6
7118,322079,298,48.6
7118,322079,299,48.5
7118,322079,300,48.5
7118,322079,301,48.4
7118,322079,302,48.4
7118,322079,303,48.4
7118,322079,304,48.5
7118,322079,305,48.3
7118,322079,306,48.3
7118,322079,307,48.3
7118,322079,308,48.3
7118,322079,309,48.3
7118,322079,310,48.2
7118,322079,311,48.2
7118,322079,312,48.1
7118,322079,313,48.1
7118,322079,314,48.1
7118,322079,315,48.0
7118,322079,316,48.0
7118,322079,317,48.0
7118,322079,318,47.9
7118,322079,319,47.9
7118,322079,320,47.9
7118,322079,321,47.8
7118,322079,322,47.8
7118,322079,323,47.8
7118,322079,324,47.7
7118,322079,325,47.7
7118,322079,326,47.7
7118,322079,327,47.6
7118,322079,328,47.6
7118,322079,329,47.6
7118,322079,330,47.5
7118,322079,331,47.5
7118,322079,332,47.4
7118,322079,333,47.4
7118,322079,334,47.3
7118,322079,335,47.3
7118,322079,336,47.5
7118,322079,337,47.4
7118,322079,338,47.4
7118,322079,339,47.3
7118,322079,340,47.3
7118,322079,341,47.3
7118,322079,342,47.2
7118,322079,343,47.2
7118,322079,344,47.2
7118,322079,345,47.1
7118,322079,346,47.1
7118,322079,347,47.0
7118,322079,348,47.1
7118,322079,349,47.0
7118,322079,350,47.0
7118,322079,351,46.9
7118,322079,352,46.9
7118,322079,353,46.8
7118,322079,354,46.8
7118,322079,355,46.8
7118,322079,356,46.8
7118,322079,357,46.8
7118,322079,358,46.8
7118,322079,359,46.8
7118,322079,360,46.7
7118,322079,361,46.7
7118,322079,362,46.5
7118,322079,363,46.6
7118,322079,364,46.5
7118,322079,365,46.5
7118,322079,366,46.4
7118,322079,367,46.4
7118,322079,368,46.3
7118,322079,369,46.3
7118,322079,370,46.3
7118,322079,371,46.3
7118,322079,372,46.3
7118,322079,373,46.2
7118,322079,374,46.4
7118,322079,375,46.3
7118,322079,376,46.3
7118,322079,377,46.2
7118,322079,378,46.2
7118,322079,379,46.2
7118,322079,380,46.2
7118,322079,381,46.1
7118,322079,382,46.1
7118,322079,383,46.1
7118,322079,384,46.0
7118,322079,385,46.0
7118,322079,386,46.0
7118,322079,387,45.8
7118,322079,388,46.0
7118,322079,389,45.9
7118,322079,390,45.9
7118,322079,391,45.8
7118,322079,392,45.7
7118,322079,393,45.7
7118,322079,394,45.7
7118,322079,395,45.7
7118,322079,396,45.8
7118,322079,397,45.6
7118,322079,398,45.6
7118,322079,399,45.6
7118,322079,400,45.6
7118,322079,401,45.5
7118,322079,402,45.5
7118,322079,403,45.4
7118,322079,404,45.4
7118,322079,405,45.3
7118,322079,406,45.3
7118,322079,407,45.2
7118,322079,408,45.4
7118,322079,409,45.4
7118,322079,410,45.3
7118,322079,411,45.2
7118,322079,412,45.2
7118,322079,413,45.2
7118,322079,414,45.2
7118,322079,415,45.1
7118,322079,416,45.1
7118,322079,417,45.1
7118,322079,418,45.0
7118,322079,419,44.9
7118,322079,420,45.2
7118,322079,421,45.0
7118,322079,422,45.0
7118,322079,423,45.0
7118,322079,424,45.0
7118,322079,425,44.9
7118,322079,426,44.6
7118,322079,427,45.0
7118,322079,428,44.9
7118,322079,429,44.8
7118,322079,430,44.8
7118,322079,431,44.7
7118,322079,432,44.7
7118,322079,433,44.7
7118,322079,434,44.7
7118,322079,435,44.7
7118,322079,436,44.7
7118,322079,437,44.6
7118,322079,438,44.6
7118,322079,439,44.5
7118,322079,440,44.5
7118,322079,441,44.5
7118,322079,442,44.4
7118,322079,443,44.3
7118,322079,444,44.4
7118,322079,445,44.4
7118,322079,446,44.3
7118,322079,447,44.2
7118,322079,448,44.3
7118,322079,449,44.3
7118,322079,450,44.2
7118,322079,451,44.2
7118,322079,452,44.2
7118,322079,453,44.2
7118,322079,454,44.1
7118,322079,455,44.1
7118,322079,456,44.0
7118,322079,457,43.9
7118,322079,458,44.1
7118,322079,459,44.1
,#Summary,,
,#nfill,nrun,
,#1,1,
7252,323940,49,54.1
7252,323940,50,7.1
7252,323940,51,29.2
7252,323940,52,47.4
7252,323940,53,54.0
7252,323940,54,34.0
7252,323940,55,18.2
7252,323940,56,20.5
7252,323940,57,4.2
7252,323940,58,13.5
7252,323940,59,43.2
7252,323940,60,53.7
7252,323940,61,29.5
7252,323940,62,13.6
7252,323940,63,53.5
7252,323940,64,53.6
7252,323940,65,53.5
7252,323940,66,53.4
7252,323940,67,53.4
7252,323940,68,53.3
7252,323940,69,53.2
7252,323940,70,53.1
7252,323940,71,53.0
7252,323940,72,52.9
7252,323940,73,52.9
7252,323940,74,52.8
7252,323940,75,52.7
7252,323940,76,52.7
7252,323940,77,52.7
7252,323940,78,52.5
7252,323940,79,52.5
7252,323940,80,52.5
7252,323940,81,52.4
7252,323940,82,52.3
7252,323940,83,52.3
7252,323940,84,52.2
7252,323940,85,52.1
7252,323940,86,52.0
7252,323940,87,51.9
7252,323940,88,51.8
7252,323940,89,51.7
7252,323940,90,51.6
7252,323940,91,51.6
7252,323940,92,51.6
7252,323940,93,51.5
7252,323940,94,51.5
7252,323940,95,51.8
7252,323940,96,51.7
7252,323940,97,51.5
7252,323940,98,51.2
7252,323940,99,51.2
7252,323940,100,51.3
7252,323940,101,51.4
7252,323940,102,51.3
7252,323940,103,51.2
7252,323940,104,51.0
7252,323940,105,50.8
7252,323940,106,50.5
7252,323940,107,50.5
7252,323940,108,50.5
7252,323940,109,50.5
7252,323940,110,50.4
7252,323940,111,50.4
7252,323940,112,49.3
7252,323940,113,50.5
7252,323940,114,50.6
7252,323940,115,42.2
7252,323940,116,50.3
7252,323940,117,50.3
7252,323940,118,51.7
7252,323940,119,51.7
7252,323940,120,51.5
7252,323940,121,51.6
7252,323940,122,51.5
7252,323940,123,51.5
7252,323940,124,51.4
7252,323940,125,51.4
7252,323940,126,51.5
7252,323940,127,51.5
7252,323940,128,51.4
7252,323940,129,51.4
7252,323940,130,51.4
7252,323940,131,51.3
7252,323940,132,51.3
7252,323940,133,51.3
7252,323940,134,51.2
7252,323940,135,51.1
7252,323940,136,51.1
7252,323940,137,51.0
7252,323940,138,51.0
7252,323940,139,50.9
7252,323940,140,51.1
7252,323940,141,51.1
7252,323940,142,51.0
7252,323940,143,51.0
7252,323940,144,51.0
7252,323940,145,50.9
7252,323940,146,50.9
7252,323940,147,50.9
7252,323940,148,50.8
7252,323940,149,50.8
7252,323940,150,50.8
7252,323940,151,50.7
7252,323940,152,50.6
7252,323940,153,50.6
7252,323940,154,50.5
7252,323940,155,50.5
7252,323940,156,50.4
7252,323940,157,50.4
7252,323940,158,50.3
7252,323940,159,50.3
7252,323940,160,50.3
7252,323940,161,50.2
7252,323940,162,50.2
7252,323940,163,50.1
7252,323940,164,50.2
7252,323940,165,50.2
7252,323940,166,50.1
7252,323940,167,50.1
7252,323940,168,50.0
7252,323940,169,50.0
7252,323940,170,50.2
7252,323940,171,50.0
7252,323940,172,50.0
7252,323940,173,49.9
7252,323940,174,49.9
7252,323940,175,49.8
7252,323940,176,49.8
7252,323940,177,49.8
7252,323940,178,49.8
7252,323940,179,49.7
7252,323940,180,49.7
7252,323940,181,49.6
7252,323940,182,49.6
7252,323940,183,49.6
7252,323940,184,49.6
7252,323940,185,49.5
7252,323940,186,49.5
7252,323940,187,49.3
7252,323940,188,49.3
7252,323940,189,49.2
7252,323940,190,49.2
7252,323940,191,49.1
7252,323940,192,49.1
7252,323940,193,49.1
7252,323940,194,49.0
7252,323940,195,49.0
7252,323940,196,49.1
7252,323940,197,49.0
7252,323940,198,49.0
7252,323940,199,49.0
7252,323940,200,49.0
7252,323940,201,48.9
7252,323940,202,48.9
7252,323940,203,48.8
7252,323940,204,48.8
7252,323940,205,48.6
7252,323940,206,48.6
7252,323940,207,41.4
7252,323940,208,46.8
7252,323940,209,49.1
7252,323940,210,49.0
7252,323940,211,48.9
7252,323940,212,49.0
7252,323940,213,49.0
7252,323940,214,49.0
7252,323940,215,48.9
7252,323940,216,49.0
7252,323940,217,49.0
7252,323940,218,48.9
7252,323940,219,48.9
7252,323940,220,48.9
7252,323940,221,48.8
7252,323940,222,48.8
7252,323940,223,48.7
7252,323940,224,48.7
7252,323940,225,48.7
7252,323940,226,48.7
7252,323940,227,48.6
7252,323940,228,48.6
7252,323940,229,48.6
7252,323940,230,48.6
7252,323940,231,48.5
7252,323940,232,48.5
7252,323940,233,48.5
7252,323940,234,48.4
7252,323940,235,48.4
7252,323940,236,48.4
7252,323940,237,48.3
7252,323940,238,48.3
7252,323940,239,48.2
7252,323940,240,48.2
7252,323940,241,48.3
7252,323940,242,48.3
7252,323940,243,48.2
7252,323940,244,48.2
7252,323940,245,48.2
7252,323940,246,48.2
7252,323940,247,48.1
7252,323940,248,48.1
7252,323940,249,48.1
7252,323940,250,48.0
7252,323940,251,48.0
7252,323940,252,48.0
7252,323940,253,47.9
7252,323940,254,47.9
7252,323940,255,47.8
7252,323940,256,47.9
7252,323940,257,47.8
7252,323940,258,47.7
7252,323940,259,47.8
7252,323940,260,47.7
7252,323940,261,47.6
7252,323940,262,47.6
7252,323940,263,47.6
7252,323940,264,47.6
7252,323940,265,47.5
7252,323940,266,47.5
7252,323940,267,47.5
7252,323940,268,47.4
7252,323940,269,47.4
7252,323940,270,47.4
7252,323940,271,47.3
7252,323940,272,47.3
7252,323940,273,47.2
7252,323940,274,47.2
7252,323940,275,47.2
7252,323940,276,47.2
7252,323940,277,47.1
7252,323940,278,47.3
7252,323940,279,47.2
7252,323940,280,47.2
7252,323940,281,47.2
7252,323940,282,47.1
7252,323940,283,47.1
7252,323940,284,47.1
7252,323940,285,47.0
7252,323940,286,47.0
7252,323940,287,46.9
7252,323940,288,46.9
7252,323940,289,46.9
7252,323940,290,46.8
7252,323940,291,46.8
7252,323940,292,46.8
7252,323940,293,46.8
7252,323940,294,46.7
7252,323940,295,46.7
7252,323940,296,46.7
7252,323940,297,46.7
7252,323940,298,46.6
7252,323940,299,46.6
7252,323940,300,46.6
7252,323940,301,46.5
7252,323940,302,46.3
7252,323940,303,46.5
7252,323940,304,46.5
7252,323940,305,46.4
7252,323940,306,46.3
7252,323940,307,46.3
7252,323940,308,46.3
7252,323940,309,46.3
7252,323940,310,46.2
7252,323940,311,46.2
7252,323940,312,46.2
7252,323940,313,46.1
7252,323940,314,46.1
7252,323940,315,46.2
7252,323940,316,46.2
7252,323940,317,46.1
7252,323940,318,46.0
7252,323940,319,46.0
7252,323940,320,46.0
7252,323940,321,45.9
7252,323940,322,45.9
7252,323940,323,45.9
7252,323940,324,45.9
7252,323940,325,45.9
7252,323940,326,45.8
7252,323940,327,45.8
7252,323940,328,44.7
7252,323940,329,39.3
7252,323940,330,43.1
7252,323940,331,45.6
7252,323940,332,45.9
7252,323940,333,45.9
7252,323940,334,45.9
7252,323940,335,45.9
7252,323940,336,45.8
7252,323940,337,45.8
7252,323940,338,45.8
7252,323940,339,45.7
7252,323940,340,45.7
7252,323940,341,45.7
7252,323940,342,45.6
7252,323940,343,45.6
7252,323940,344,45.6
7252,323940,345,45.5
7252,323940,346,45.5
7252,323940,347,45.5
7252,323940,348,45.5
7252,323940,349,45.4
7252,323940,350,45.4
7252,323940,351,45.4
7252,323940,352,45.4
7252,323940,353,45.3
7252,323940,354,45.1
7252,323940,355,45.4
7252,323940,356,45.3
7252,323940,357,45.3
7252,323940,358,45.3
7252,323940,359,45.3
7252,323940,360,45.2
7252,323940,361,45.2
7252,323940,362,45.2
7252,323940,363,45.1
7252,323940,364,45.1
7252,323940,365,45.1
7252,323940,366,45.1
7252,323940,367,45.0
7252,323940,368,44.9
7252,323940,369,44.9
7252,323940,370,44.9
7252,323940,371,44.9
7252,323940,372,44.9
7252,323940,373,44.9
7252,323940,374,44.8
7252,323940,375,44.8
7252,323940,376,44.7
7252,323940,377,44.7
7252,323940,378,44.7
7252,323940,379,44.7
7252,323940,380,44.8
7252,323940,381,44.6
7252,323940,382,44.6
7252,323940,383,44.6
7252,323940,384,44.6
7252,323940,385,44.5
7252,323940,386,44.5
7252,323940,387,44.5
7252,323940,388,44.5
7252,323940,389,44.4
7252,323940,390,44.4
7252,323940,391,44.4
7252,323940,392,44.4
7252,323940,393,44.3
7252,323940,394,44.5
7252,323940,395,44.4
7252,323940,396,44.4
7252,323940,397,44.3
7252,323940,398,44.4
7252,323940,399,44.4
7252,323940,400,44.3
7252,323940,401,44.2
7252,323940,402,44.2
7252,323940,403,44.1
7252,323940,404,44.1
7252,323940,405,44.0
7252,323940,406,44.0
7252,323940,407,44.0
7252,323940,408,44.0
7252,323940,409,44.0
7252,323940,410,43.9
7252,323940,411,43.9
7252,323940,412,43.9
7252,323940,413,43.8
7252,323940,414,43.8
7252,323940,415,43.8
7252,323940,416,43.7
7252,323940,417,43.7
7252,323940,418,43.7
7252,323940,419,43.6
7252,323940,420,43.6
7252,323940,421,43.6
7252,323940,422,43.6
7252,323940,423,43.5
7252,323940,424,43.5
7252,323940,425,43.5
7252,323940,426,43.5
7252,323940,427,43.4
7252,323940,428,43.4
7252,323940,429,43.4
7252,323940,430,43.4
7252,323940,431,43.4
7252,323940,432,43.3
7252,323940,433,43.3
7252,323940,434,43.2
7252,323940,435,43.3
7252,323940,436,43.3
7252,323940,437,43.2
7252,323940,438,43.2
7252,323940,439,43.2
7252,323940,440,43.2
7252,323940,441,43.2
7252,323940,442,43.1
7252,323940,443,43.1
7252,323940,444,43.1
7252,323940,445,43.1
7252,323940,446,43.1
7252,323940,447,43.0
7252,323940,448,43.0
7252,323940,449,43.0
7252,323940,450,42.9
7252,323940,451,42.9
7252,323940,452,42.8
7252,323940,453,42.8
7252,323940,454,42.8
7252,323940,455,42.7
7252,323940,456,42.8
7252,323940,457,42.7
7252,323940,458,42.7
7252,323940,459,42.7
7252,323940,460,42.7
7252,323940,461,42.6
7252,323940,462,42.6
7252,323940,463,42.6
7252,323940,464,42.6
7252,323940,465,42.6
7252,323940,466,42.5
7252,323940,467,42.5
7252,323940,468,42.5
7252,323940,469,42.4
7252,323940,470,42.3
7252,323940,471,42.3
7252,323940,472,42.3
7252,323940,473,42.3
7252,323940,474,42.3
7252,323940,475,42.3
7252,323940,476,42.2
7252,323940,477,42.4
7252,323940,478,42.3
7252,323940,479,42.3
7252,323940,480,42.2
7252,323940,481,42.2
7252,323940,482,42.2
7252,323940,483,42.2
7252,323940,484,42.2
7252,323940,485,42.1
7252,323940,486,42.1
7252,323940,487,42.0
7252,323940,488,42.0
7252,323940,489,41.9
7252,323940,490,41.9
7252,323940,491,41.8
7252,323940,492,41.8
7252,323940,493,41.9
7252,323940,494,41.9
7252,323940,495,41.8
7252,323940,496,41.8
7252,323940,497,41.8
7252,323940,498,41.8
7252,323940,499,41.7
7252,323940,500,41.7
7252,323940,501,41.7
7252,323940,502,41.7
7252,323940,503,41.6
7252,323940,504,41.6
7252,323940,505,41.5
7252,323940,506,41.5
7252,323940,507,41.5
7252,323940,508,41.4
7252,323940,509,41.4
7252,323940,510,41.4
7252,323940,511,41.3
7252,323940,512,41.4
7252,323940,513,41.3
7252,323940,514,41.3
7252,323940,515,41.3
7252,323940,516,41.3
7252,323940,517,41.2
7252,323940,518,41.2
7252,323940,519,41.3
7252,323940,520,41.3
7252,323940,521,41.2
7252,323940,522,41.2
7252,323940,523,41.1
7252,323940,524,41.1
7252,323940,525,41.1
7252,323940,526,41.1
7252,323940,527,41.0
7252,323940,528,41.0
7252,323940,529,41.0
7252,323940,530,41.0
7252,323940,531,41.0
7252,323940,532,40.9
7252,323940,533,40.9
7252,323940,534,40.9
7252,323940,535,40.9
7252,323940,536,40.8
7252,323940,537,40.8
7252,323940,538,40.8
7252,323940,539,40.8
7252,323940,540,40.7
7252,323940,541,40.8
7252,323940,542,40.7
7252,323940,543,40.7
7252,323940,544,40.7
7252,323940,545,40.6
7252,323940,546,40.6
7252,323940,547,40.6
7252,323940,548,40.6
7252,323940,549,40.6
7252,323940,550,40.6
7252,323940,551,40.5
7252,323940,552,40.5
7252,323940,553,40.4
7252,323940,554,40.4
7252,323940,555,40.4
7252,323940,556,40.4
7252,323940,557,40.4
7252,323940,558,40.4
7252,323940,559,40.3
7252,323940,560,40.3
7252,323940,561,40.3
7252,323940,562,40.4
7252,323940,563,40.4
7252,323940,564,40.4
7252,323940,565,40.3
7252,323940,566,39.7
7252,323940,567,35.0
7252,323940,568,37.8
7252,323940,569,40.5
7252,323940,570,40.5
7252,323940,571,40.5
7252,323940,572,40.4
7252,323940,573,40.4
7252,323940,574,40.4
7252,323940,575,40.3
7252,323940,576,40.3
7252,323940,577,40.3
7252,323940,578,40.3
7252,323940,579,40.3
7252,323940,580,40.2
7252,323940,581,40.2
7252,323940,582,40.2
7252,323940,583,40.2
7252,323940,584,40.1
7252,323940,585,40.1
7252,323940,586,40.1
7252,323940,587,40.1
7252,323940,588,40.0
7252,323940,589,40.0
7252,323940,590,40.0
7252,323940,591,40.0
7252,323940,592,39.9
7252,323940,593,39.9
7252,323940,594,39.9
7252,323940,595,39.9
7252,323940,596,39.8
7252,323940,597,39.8
7252,323940,598,39.8
7252,323940,599,39.8
7252,323940,600,39.7
7252,323940,601,39.7
7252,323940,602,39.7
7252,323940,603,39.7
7252,323940,604,39.7
7252,323940,605,39.6
7252,323940,606,39.5
7252,323940,607,39.5
7252,323940,608,39.5
7252,323940,609,39.5
7252,323940,610,39.6
7252,323940,611,39.6
7252,323940,612,39.6
7252,323940,613,39.6
7252,323940,614,39.5
7252,323940,615,39.6
7252,323940,616,39.5
7252,323940,617,39.5
7252,323940,618,39.4
7252,323940,619,39.4
7252,323940,620,39.4
7252,323940,621,39.3
7252,323940,622,39.3
7252,323940,623,39.3
7252,323940,624,39.3
7252,323940,625,39.2
7252,323940,626,39.2
7252,323940,627,39.2
7252,323940,628,39.2
7252,323940,629,39.2
7252,323940,630,39.1
7252,323940,631,39.1
7252,323940,632,39.1
7252,323940,633,39.1
7252,323940,634,39.0
7252,323940,635,39.0
7252,323940,636,39.0
7252,323940,637,38.9
7252,323940,638,38.8
7252,323940,639,38.9
7252,323940,640,38.9
7252,323940,641,38.9
7252,323940,642,38.9
7252,323940,643,38.8
7252,323940,644,38.8
7252,323940,645,38.8
7252,323940,646,38.7
7252,323940,647,38.7
7252,323940,648,38.7
7252,323940,649,38.7
7252,323940,650,38.6
7252,323940,651,38.6
7252,323940,652,38.6
7252,323940,653,38.5
7252,323940,654,38.5
7252,323940,655,38.6
7252,323940,656,38.6
7252,323940,657,38.6
7252,323940,658,38.5
7252,323940,659,38.5
7252,323940,660,38.5
7252,323940,661,38.5
7252,323940,662,38.4
7252,323940,663,38.4
7252,323940,664,38.4
7252,323940,665,38.4
7252,323940,666,38.3
7252,323940,667,38.3
7252,323940,668,38.3
7252,323940,669,38.3
7252,323940,670,38.2
7252,323940,671,38.2
7252,323940,672,38.2
7252,323940,673,38.2
7252,323940,674,38.2
7252,323940,675,38.1
7252,323940,676,38.1
7252,323940,677,38.1
7252,323940,678,38.1
7252,323940,679,38.1
7252,323940,680,38.0
7252,323940,681,38.0
7252,323940,682,38.0
7252,323940,683,38.0
7252,323940,684,38.0
7252,323940,685,37.9
7252,323940,686,37.9
7252,323940,687,37.8
7252,323940,688,37.8
7252,323940,689,37.8
7252,323940,690,37.8
7252,323940,691,37.8
7252,323940,692,37.8
7252,323940,693,37.7
7252,323940,694,37.7
7252,323940,695,37.7
7252,323940,696,37.7
7252,323940,697,37.7
7252,323940,698,37.6
7252,323940,699,37.6
7252,323940,700,37.6
7252,323940,701,37.5
7252,323940,702,37.5
7252,323940,703,37.6
7252,323940,704,37.6
7252,323940,705,37.5
7252,323940,706,37.5
7252,323940,707,37.5
7252,323940,708,37.5
7252,323940,709,37.4
7252,323940,710,37.5
7252,323940,711,37.5
7252,323940,712,37.4
7252,323940,713,37.4
7252,323940,714,37.4
7252,323940,715,37.3
7252,323940,716,37.3
7252,323940,717,37.3
7252,323940,718,37.3
7252,323940,719,37.2
7252,323940,720,37.2
7252,323940,721,37.2
7252,323940,722,37.1
7252,323940,723,37.1
7252,323940,724,37.1
7252,323940,725,37.1
7252,323940,726,37.1
7252,323940,727,37.0
7252,323940,728,37.0
7252,323940,729,37.0
7252,323940,730,37.0
7252,323940,731,37.0
7252,323940,732,37.0
7252,323940,733,36.9
7252,323940,734,36.9
7252,323940,735,36.9
7252,323940,736,36.9
7252,323940,737,36.8
7252,323940,738,36.8
7252,323940,739,36.8
7252,323940,740,36.7
7252,323940,741,36.7
7252,323940,742,36.7
7252,323940,743,36.7
7252,323940,744,36.7
7252,323940,745,36.7
7252,323940,746,36.6
7252,323940,747,36.6
7252,323940,748,36.6
7252,323940,749,36.6
7252,323940,750,36.6
7252,323940,751,36.6
7252,323940,752,36.5
7252,323940,753,36.5
7252,323940,754,36.5
7252,323940,755,36.4
7252,323940,756,36.4
7252,323940,757,36.4
7252,323940,758,35.7
7252,323940,759,35.6
7252,323940,760,35.6
7252,323940,761,35.6
7252,323940,762,35.6
7252,323940,763,35.6
7252,323940,764,35.6
7252,323940,765,35.5
7252,323940,766,35.5
7252,323940,767,35.5
7252,323940,768,35.4
7252,323940,769,35.5
7252,323940,770,35.5
7252,323940,771,35.3
7252,323940,772,35.4
7252,323940,773,35.4
7252,323940,774,35.4
7252,323940,775,35.3
7252,323940,776,35.2
7252,323940,777,35.3
7252,323940,778,35.2
7252,323940,779,35.2
7252,323940,780,35.2
7252,323940,781,35.2
7252,323940,782,35.2
7252,323940,783,35.1
7252,323940,784,35.1
7252,323940,785,35.1
7252,323940,786,35.1
7252,323940,787,35.1
7252,323940,788,35.0
7252,323940,789,35.0
7252,323940,790,35.0
7252,323940,791,34.9
7252,323940,792,34.9
7252,323940,793,34.9
7252,323940,794,34.9
7252,323940,795,34.8
7252,323940,796,34.8
7252,323940,797,34.8
7252,323940,798,34.8
7252,323940,799,34.8
7252,323940,800,34.8
7252,323940,801,34.7
7252,323940,802,34.7
7252,323940,803,34.7
7252,323940,804,34.7
7252,323940,805,34.7
7252,323940,806,34.7
7252,323940,807,34.6
7252,323940,808,34.6
7252,323940,809,34.5
7252,323940,810,34.5
7252,323940,811,34.5
7252,323940,812,34.5
7252,323940,813,34.5
7252,323940,814,34.4
7252,323940,815,34.4
7252,323940,816,34.4
7252,323940,817,34.4
7252,323940,818,34.4
7252,323940,819,34.4
7252,323940,820,34.4
7252,323940,821,34.3
7252,323940,822,34.3
7252,323940,823,34.3
7252,323940,824,34.2
7252,323940,825,34.2
7252,323940,826,34.2
7252,323940,827,34.2
7252,323940,828,34.1
7252,323940,829,34.1
7252,323940,830,34.1
7252,323940,831,34.1
7252,323940,832,34.1
7252,323940,833,34.1
7252,323940,834,34.1
7252,323940,835,34.0
7252,323940,836,34.0
7252,323940,837,34.0
7252,323940,838,34.0
7252,323940,839,33.9
7252,323940,840,33.9
7252,323940,841,33.9
7252,323940,842,33.9
7252,323940,843,33.9
7252,323940,844,33.9
7252,323940,845,33.8
7252,323940,846,33.8
7252,323940,847,33.8
7252,323940,848,33.8
7252,323940,849,33.8
7252,323940,850,33.8
7252,323940,851,33.8
7252,323940,852,33.7
7252,323940,853,33.7
7252,323940,854,33.7
7252,323940,855,33.6
7252,323940,856,33.6
7252,323940,857,33.6
7252,323940,858,33.5
7252,323940,859,33.5
7252,323940,860,33.5
7252,323940,861,33.5
7252,323940,862,33.5
7252,323940,863,33.5
7252,323940,864,33.5
7252,323940,865,33.5
7252,323940,866,33.4
7252,323940,867,33.4
7252,323940,868,33.4
7252,323940,869,33.4
7252,323940,870,33.4
7252,323940,871,33.3
7252,323940,872,33.3
7252,323940,873,33.2
7252,323940,874,33.2
7252,323940,875,33.2
7252,323940,876,33.2
7252,323940,877,33.2
7252,323940,878,33.2
7252,323940,879,33.2
7252,323940,880,33.1
7252,323940,881,33.1
7252,323940,882,33.1
7252,323940,883,33.1
7252,323940,884,33.1
7252,323940,885,33.1
7252,323940,886,33.0
7252,323940,887,33.0
7252,323940,888,33.0
7252,323940,889,32.9
7252,323940,890,32.9
7252,323940,891,32.9
7252,323940,892,32.9
7252,323940,893,32.9
7252,323940,894,32.9
7252,323940,895,32.9
7252,323940,896,32.8
7252,323940,897,32.8
7252,323940,898,32.8
7252,323940,899,32.8
7252,323940,900,32.6
7252,323940,901,32.7
7252,323940,902,32.7
7252,323940,903,32.7
7252,323940,904,32.7
7252,323940,905,32.7
7252,323940,906,32.6
7252,323940,907,32.6
7252,323940,908,32.6
7252,323940,909,32.6
7252,323940,910,32.6
7252,323940,911,32.6
7252,323940,912,32.5
7252,323940,913,32.5
7252,323940,914,32.5
7252,323940,915,32.5
7252,323940,916,32.5
7252,323940,917,32.5
7252,323940,918,32.4
7252,323940,919,32.4
7252,323940,920,32.4
7252,323940,921,32.3
7252,323940,922,32.3
7252,323940,923,32.2
7252,323940,924,32.2
7252,323940,925,32.2
7252,323940,926,32.2
7252,323940,927,32.2
7252,323940,928,32.2
7252,323940,929,32.2
7252,323940,930,32.1
7252,323940,931,32.1
7252,323940,932,32.1
7252,323940,933,32.1
7252,323940,934,32.1
7252,323940,935,32.1
7252,323940,936,32.0
7252,323940,937,32.0
7252,323940,938,32.0
7252,323940,939,31.9
7252,323940,940,31.9
7252,323940,941,31.9
7252,323940,942,31.9
7252,323940,943,31.8
7252,323940,944,31.8
7252,323940,945,31.8
7252,323940,946,31.8
7252,323940,947,31.8
7252,323940,948,31.8
7252,323940,949,31.8
7252,323940,950,31.8
7252,323940,951,31.8
7252,323940,952,31.7
7252,323940,953,31.7
7252,323940,954,31.7
7252,323940,955,31.7
7252,323940,956,31.7
7252,323940,957,31.6
7252,323940,958,31.6
7252,323940,959,31.6
7252,323940,960,31.6
7252,323940,961,31.6
7252,323940,962,31.5
7252,323940,963,31.5
7252,323940,964,31.5
7252,323940,965,31.5
7252,323940,966,31.5
7252,323940,967,31.5
7252,323940,968,31.5
7252,323940,969,31.4
7252,323940,970,31.4
7252,323940,971,31.4
7252,323940,972,31.3
7252,323940,973,31.3
7252,323940,974,31.3
7252,323940,975,31.3
7252,323940,976,31.3
7252,323940,977,31.2
7252,323940,978,31.2
7252,323940,979,31.2
7252,323940,980,31.2
7252,323940,981,31.2
7252,323940,982,31.2
7252,323940,983,31.2
7252,323940,984,31.2
7252,323940,985,31.2
7252,323940,986,31.2
7252,323940,987,31.1
7252,323940,988,31.1
7252,323940,989,31.1
7252,323940,990,31.1
7252,323940,991,31.1
7252,323940,992,31.1
7252,323940,993,31.1
7252,323940,994,31.1
7252,323940,995,31.1
7252,323940,996,31.0
7252,323940,997,31.0
7252,323940,998,31.0
7252,323940,999,31.0
7252,323940,1000,30.9
7252,323940,1001,30.9
7252,323940,1002,30.9
7252,323940,1003,30.9
7252,323940,1004,30.8
7252,323940,1005,30.8
7252,323940,1006,30.8
7252,323940,1007,30.8
7252,323940,1008,30.8
7252,323940,1009,30.8
7252,323940,1010,30.8
7252,323940,1011,30.8
7252,323940,1012,30.8
7252,323940,1013,30.7
7252,323940,1014,30.7
7252,323940,1015,30.7
7252,323940,1016,30.7
7252,323940,1017,30.6
7252,323940,1018,30.6
7252,323940,1019,30.6
7252,323940,1020,30.5
7252,323940,1021,30.5
7252,323940,1022,30.5
7252,323940,1023,30.5
7252,323940,1024,30.4
7252,323940,1025,30.5
7252,323940,1026,30.4
7252,323940,1027,30.4
7252,323940,1028,30.4
7252,323940,1029,30.4
7252,323940,1030,30.4
7252,323940,1031,30.4
7252,323940,1032,30.4
7252,323940,1033,30.3
7252,323940,1034,30.3
7252,323940,1035,30.3
7252,323940,1036,30.2
7252,323940,1037,30.2
7252,323940,1038,30.2
7252,323940,1039,30.2
7252,323940,1040,30.2
7252,323940,1041,30.2
7252,323940,1042,30.0
7252,323940,1043,30.2
7252,323940,1044,30.1
7252,323940,1045,30.1
7252,323940,1046,30.1
7252,323940,1047,30.1
7252,323940,1048,30.1
7252,323940,1049,30.1
7252,323940,1050,30.0
7252,323940,1051,30.0
7252,323940,1052,30.0
7252,323940,1053,30.0
7252,323940,1054,29.9
7252,323940,1055,29.9
7252,323940,1056,29.9
7252,323940,1057,29.9
7252,323940,1058,29.9
7252,323940,1059,29.9
7252,323940,1060,29.9
7252,323940,1061,29.9
7252,323940,1062,29.9
7252,323940,1063,29.9
7252,323940,1064,29.8
7252,323940,1065,29.8
7252,323940,1066,29.8
7252,323940,1067,29.8
7252,323940,1068,29.8
7252,323940,1069,29.8
7252,323940,1070,29.7
7252,323940,1071,29.7
7252,323940,1072,29.7
7252,323940,1073,29.7
7252,323940,1074,29.6
7252,323940,1075,29.6
7252,323940,1076,29.6
7252,323940,1077,29.6
7252,323940,1078,29.6
7252,323940,1079,29.6
7252,323940,1080,29.6
7252,323940,1081,29.6
7252,323940,1082,29.6
7252,323940,1083,29.6
7252,323940,1084,29.5
7252,323940,1085,29.5
7252,323940,1086,29.5
7252,323940,1087,29.5
7252,323940,1088,29.4
7252,323940,1089,29.4
7252,323940,1090,29.4
7252,323940,1091,29.4
7252,323940,1092,29.4
7252,323940,1093,29.4
7252,323940,1094,29.4
7252,323940,1095,29.4
7252,323940,1096,29.3
7252,323940,1097,29.3
7252,323940,1098,29.3
7252,323940,1099,29.3
7252,323940,1100,29.3
7252,323940,1101,29.3
7252,323940,1102,29.3
7252,323940,1103,29.2
7252,323940,1104,29.2
7252,323940,1105,29.2
7252,323940,1106,29.1
7252,323940,1107,29.1
7252,323940,1108,29.1
7252,323940,1109,29.1
7252,323940,1110,29.1
7252,323940,1111,29.1
7252,323940,1112,29.1
7252,323940,1113,29.1
7252,323940,1114,29.0
7252,323940,1115,29.0
7252,323940,1116,29.0
7252,323940,1117,29.0
7252,323940,1118,28.9
7252,323940,1119,29.0
7252,323940,1120,28.9
7252,323940,1121,28.8
7252,323940,1122,28.9
7252,323940,1123,28.9
7252,323940,1124,28.8
7252,323940,1125,28.9
7252,323940,1126,28.8
7252,323940,1127,28.8
7252,323940,1128,28.8
7252,323940,1129,28.8
7252,323940,1130,28.8
7252,323940,1131,28.8
7252,323940,1132,28.7
7252,323940,1133,28.7
7252,323940,1134,28.7
7252,323940,1135,28.7
7252,323940,1136,28.7
7252,323940,1137,28.7
7252,323940,1138,28.6
7252,323940,1139,28.6
7252,323940,1140,28.6
7252,323940,1141,28.6
7252,323940,1142,28.6
7252,323940,1143,28.6
7252,323940,1144,28.6
7252,323940,1145,28.6
7252,323940,1146,28.6
7252,323940,1147,28.6
7252,323940,1148,28.5
7252,323940,1149,28.5
7252,323940,1150,28.5
7252,323940,1151,28.5
7252,323940,1152,28.5
7252,323940,1153,28.4
7252,323940,1154,28.4
7252,323940,1155,28.4
7252,323940,1156,28.4
7252,323940,1157,28.3
7252,323940,1158,28.4
7252,323940,1159,28.3
7252,323940,1160,28.3
7252,323940,1161,28.3
7252,323940,1162,28.3
7252,323940,1163,28.3
7252,323940,1164,28.3
7252,323940,1165,28.2
7252,323940,1166,28.2
7252,323940,1167,28.2
7252,323940,1168,28.2
7252,323940,1169,28.2
7252,323940,1170,28.2
7252,323940,1171,28.1
7252,323940,1172,28.1
7252,323940,1173,28.1
7252,323940,1174,28.1
7252,323940,1175,28.0
7252,323940,1176,28.1
7252,323940,1177,28.0
7252,323940,1178,28.0
7252,323940,1179,28.0
7252,323940,1180,28.0
7252,323940,1181,28.0
7252,323940,1182,28.0
7252,323940,1183,28.0
7252,323940,1184,28.0
7252,323940,1185,27.9
7252,323940,1186,27.9
7252,323940,1187,27.9
7252,323940,1188,27.9
7252,323940,1189,27.8
7252,323940,1190,27.8
7252,323940,1191,27.8
7252,323940,1192,27.8
7252,323940,1193,27.8
7252,323940,1194,27.8
7252,323940,1195,27.8
7252,323940,1196,27.8
7252,323940,1197,27.8
7252,323940,1198,27.8
7252,323940,1199,27.8
7252,323940,1200,27.7
7252,323940,1201,27.7
7252,323940,1202,27.7
7252,323940,1203,27.7
7252,323940,1204,27.7
7252,323940,1205,27.7
7252,323940,1206,27.6
7252,323940,1207,27.6
7252,323940,1208,27.6
7252,323940,1209,27.6
7252,323940,1210,27.6
7252,323940,1211,27.6
7252,323940,1212,27.6
7252,323940,1213,27.6
7252,323940,1214,27.5
7252,323940,1215,27.5
7252,323940,1216,27.5
7252,323940,1217,27.5
7252,323940,1218,27.5
7252,323940,1219,27.4
7252,323940,1220,27.4
7252,323940,1221,27.4
7252,323940,1222,27.4
7252,323940,1223,27.4
7252,323940,1224,27.3
7252,323940,1225,27.3
7252,323940,1226,27.3
7252,323940,1227,27.3
7252,323940,1228,27.3
7252,323940,1229,27.3
7252,323940,1230,27.3
7252,323940,1231,27.3
7252,323940,1232,27.3
7252,323940,1233,27.2
7252,323940,1234,27.2
7252,323940,1235,27.2
7252,323940,1236,27.2
7252,323940,1237,25.9
7252,323940,1238,27.1
7252,323940,1239,26.0
7252,323940,1240,23.6
7252,323940,1241,25.7
7252,323940,1242,27.1
7252,323940,1243,27.2
7252,323940,1244,27.2
7252,323940,1245,27.2
7252,323940,1246,27.2
7252,323940,1247,27.1
7252,323940,1248,27.1
7252,323940,1249,27.1
7252,323940,1250,27.1
7252,323940,1251,27.1
7252,323940,1252,27.1
7252,323940,1253,27.1
7252,323940,1254,27.0
7252,323940,1255,27.0
7252,323940,1256,27.0
7252,323940,1257,27.0
7252,323940,1258,27.0
7252,323940,1259,27.0
7252,323940,1260,26.9
7252,323940,1261,26.9
7252,323940,1262,26.9
7252,323940,1263,26.9
7252,323940,1264,26.9
7252,323940,1265,26.9
7252,323940,1266,26.8
7252,323940,1267,26.8
7252,323940,1268,26.8
7252,323940,1269,26.8
7252,323940,1270,26.8
7252,323940,1271,26.8
7252,323940,1272,26.8
7252,323940,1273,26.8
7252,323940,1274,26.7
7252,323940,1275,26.7
7252,323940,1276,26.7
7252,323940,1277,26.7
7252,323940,1278,26.7
7252,323940,1279,26.7
7252,323940,1280,26.6
7252,323940,1281,26.6
7252,323940,1282,26.6
7252,323940,1283,26.6
7252,323940,1284,26.6
7252,323940,1285,26.6
7252,323940,1286,26.6
7252,323940,1287,26.6
7252,323940,1288,26.5
7252,323940,1289,26.5
7252,323940,1290,26.5
7252,323940,1291,26.5
7252,323940,1292,26.5
7252,323940,1293,26.5
7252,323940,1294,26.5
7252,323940,1295,26.4
7252,323940,1296,26.4
7252,323940,1297,26.4
7252,323940,1298,26.4
7252,323940,1299,26.4
7252,323940,1300,26.4
7252,323940,1301,26.3
7252,323940,1302,26.3
7252,323940,1303,26.3
7252,323940,1304,26.3
7252,323940,1305,26.3
7252,323940,1306,26.3
7252,323940,1307,26.3
7252,323940,1308,26.3
7252,323940,1309,26.3
7252,323940,1310,26.2
7252,323940,1311,26.2
7252,323940,1312,26.2
7252,323940,1313,26.2
7252,323940,1314,26.2
7252,323940,1315,26.2
7252,323940,1316,26.2
7252,323940,1317,26.2
7252,323940,1318,26.1
7252,323940,1319,26.1
7252,323940,1320,26.1
7252,323940,1321,26.1
7252,323940,1322,26.1
7252,323940,1323,26.1
7252,323940,1324,26.0
7252,323940,1325,26.0
7252,323940,1326,26.0
7252,323940,1327,26.0
7252,323940,1328,26.0
7252,323940,1329,26.0
7252,323940,1330,25.9
7252,323940,1331,25.9
7252,323940,1332,25.9
7252,323940,1333,25.9
7252,323940,1334,25.9
7252,323940,1335,25.9
7252,323940,1336,25.9
7252,323940,1337,25.9
7252,323940,1338,25.9
7252,323940,1339,25.8
7252,323940,1340,25.8
7252,323940,1341,25.8
7252,323940,1342,25.8
7252,323940,1343,25.8
7252,323940,1344,25.8
7252,323940,1345,25.8
7252,323940,1346,25.8
7252,323940,1347,25.7
7252,323940,1348,25.7
7252,323940,1349,25.7
7252,323940,1350,25.7
7252,323940,1351,25.7
7252,323940,1352,25.7
7252,323940,1353,25.7
7252,323940,1354,25.7
7252,323940,1355,25.7
7252,323940,1356,25.6
7252,323940,1357,25.6
7252,323940,1358,25.6
7252,323940,1359,25.6
7252,323940,1360,25.6
7252,323940,1361,25.6
7252,323940,1362,25.5
7252,323940,1363,25.5
7252,323940,1364,25.5
7252,323940,1365,25.5
7252,323940,1366,25.5
7252,323940,1367,25.5
7252,323940,1368,25.5
7252,323940,1369,25.5
7252,323940,1370,25.5
7252,323940,1371,25.5
7252,323940,1372,25.4
7252,323940,1373,25.4
7252,323940,1374,25.4
7252,323940,1375,25.4
7252,323940,1376,25.4
7252,323940,1377,25.4
7252,323940,1378,25.4
7252,323940,1379,25.3
7252,323940,1380,25.3
7252,323940,1381,25.3
7252,323940,1382,25.3
7252,323940,1383,25.3
7252,323940,1384,25.3
7252,323940,1385,25.3
7252,323940,1386,25.3
7252,323940,1387,25.2
7252,323940,1388,25.2
7252,323940,1389,25.2
7252,323940,1390,25.2
7252,323940,1391,25.2
7252,323940,1392,25.2
7252,323940,1393,25.2
7252,323940,1394,25.2
7252,323940,1395,25.2
7252,323940,1396,25.1
7252,323940,1397,25.1
7252,323940,1398,25.1
7252,323940,1399,25.1
7252,323940,1400,25.1
7252,323940,1401,25.1
7252,323940,1402,25.1
7252,323940,1403,25.1
7252,323940,1404,25.0
7252,323940,1405,25.0
7252,323940,1406,25.0
7252,323940,1407,25.0
7252,323940,1408,25.0
7252,323940,1409,25.0
7252,323940,1410,25.0
7252,323940,1411,25.0
7252,323940,1412,24.9
7252,323940,1413,24.9
7252,323940,1414,24.9
7252,323940,1415,24.9
7252,323940,1416,24.8
7252,323940,1417,24.9
7252,323940,1418,24.8
7252,323940,1419,24.8
7252,323940,1420,24.9
7252,323940,1421,24.9
7252,323940,1422,24.8
7252,323940,1423,24.8
7252,323940,1424,24.8
7252,323940,1425,24.8
7252,323940,1426,24.8
7252,323940,1427,24.8
7252,323940,1428,24.7
7252,323940,1429,24.7
7252,323940,1430,24.7
7252,323940,1431,24.7
7252,323940,1432,24.7
7252,323940,1433,24.7
7252,323940,1434,24.7
7252,323940,1435,24.7
7252,323940,1436,24.6
7252,323940,1437,24.6
7252,323940,1438,24.6
7252,323940,1439,24.6
7252,323940,1440,24.6
7252,323940,1441,24.6
7252,323940,1442,24.6
7252,323940,1443,24.6
7252,323940,1444,24.5
7252,323940,1445,24.5
7252,323940,1446,24.5
7252,323940,1447,24.5
7252,323940,1448,24.5
7252,323940,1449,24.5
7252,323940,1450,24.5
7252,323940,1451,24.5
7252,323940,1452,24.4
7252,323940,1453,24.4
7252,323940,1454,24.4
7252,323940,1455,24.4
7252,323940,1456,24.4
7252,323940,1457,24.4
7252,323940,1458,24.4
7252,323940,1459,24.4
7252,323940,1460,24.3
7252,323940,1461,24.8
7252,323940,1462,24.7
7252,323940,1463,24.7
7252,323940,1464,24.7
7252,323940,1465,24.6
7252,323940,1466,24.6
7252,323940,1467,24.6
7252,323940,1468,25.0
7252,323940,1469,25.0
7252,323940,1470,24.9
7252,323940,1471,24.9
7252,323940,1472,24.9
7252,323940,1473,25.1
7252,323940,1474,25.1
7252,323940,1475,25.1
7252,323940,1476,25.1
7252,323940,1477,25.1
7252,323940,1478,25.0
7252,323940,1479,25.0
7252,323940,1480,25.0
7252,323940,1481,25.0
7252,323940,1482,25.0
7252,323940,1483,24.9
7252,323940,1484,24.9
7252,323940,1485,24.9
7252,323940,1486,24.9
7252,323940,1487,24.9
7252,323940,1488,24.9
7252,323940,1489,24.9
7252,323940,1490,24.9
7252,323940,1491,24.8
7252,323940,1492,24.8
7252,323940,1493,24.9
7252,323940,1494,24.9
7252,323940,1495,24.8
7252,323940,1496,24.8
7252,323940,1497,24.8
7252,323940,1498,24.8
7252,323940,1499,24.8
7252,323940,1500,24.8
7252,323940,1501,24.8
7252,323940,1502,24.7
7252,323940,1503,24.7
7252,323940,1504,24.7
7252,323940,1505,24.7
7252,323940,1506,24.7
7252,323940,1507,24.7
7252,323940,1508,24.7
7252,323940,1509,24.7
7252,323940,1510,24.6
7252,323940,1511,25.0
7252,323940,1512,26.3
7252,323940,1513,26.5
7252,323940,1514,26.5
7252,323940,1515,26.5
7252,323940,1516,26.5
7252,323940,1517,26.5
7252,323940,1518,25.0
7252,323940,1519,25.4
7252,323940,1520,24.0
7252,323940,1521,26.4
7252,323940,1522,26.4
7252,323940,1523,26.3
7252,323940,1524,26.3
7252,323940,1525,26.3
7252,323940,1526,26.3
7252,323940,1527,26.3
7252,323940,1528,26.3
7252,323940,1529,26.2
7252,323940,1530,26.2
7252,323940,1531,26.2
7252,323940,1532,26.2
7252,323940,1533,26.2
7252,323940,1534,26.1
7252,323940,1535,26.1
7252,323940,1536,26.1
7252,323940,1537,26.1
7252,323940,1538,26.0
7252,323940,1539,26.0
7252,323940,1540,26.0
7252,323940,1541,26.0
7252,323940,1542,26.0
7252,323940,1543,25.9
7252,323940,1544,25.9
7252,323940,1545,25.9
7252,323940,1546,25.9
7252,323940,1547,25.8
7252,323940,1548,25.9
7252,323940,1549,25.8
7252,323940,1550,25.8
7252,323940,1551,25.8
7252,323940,1552,25.8
7252,323940,1553,25.8
7252,323940,1554,25.7
7252,323940,1555,25.8
7252,323940,1556,25.7
7252,323940,1557,25.7
7252,323940,1558,25.7
7252,323940,1559,25.6
7252,323940,1560,25.6
7252,323940,1561,25.6
7252,323940,1562,25.6
7252,323940,1563,25.6
7252,323940,1564,25.6
7252,323940,1565,25.5
7252,323940,1566,25.5
7252,323940,1567,25.5
,#Summary,,
,#nfill,nrun,
,#1,1,
